,yr,mo,dy,date,time,mag,slat,slon,radar,radar_dist,datetime,max_dbz,mean_dbz,max_zdr,mean_zdr,min_zdr,mean_cc,min_cc,count_30dbz,count_50dbz,count_60dbz,ratio_50_30,ratio_60_50,zdr_range,sig
0,2020,5,22,2020-05-22,17:40:00,5.33,34.08,-98.56,KFDR,47.49421803809776,2020-05-22 17:40:00,64.0,41.9,4.9375,2.0,-1.9375,0.97,0.2083333283662796,17858,2646,40,0.14816059129850495,0.01511144692104269,6.875,1
1,2017,5,27,2017-05-27,20:07:00,4.0,34.99,-97.45,KTLX,40.49804743329911,2017-05-27 20:07:00,62.0,40.8,4.9375,2.0,-1.9375,0.97,0.2083333283662796,12891,960,3,0.07446478436239529,0.003121748178980229,6.875,1
2,2012,6,12,2012-06-12,21:15:00,4.5,34.1595,-103.355,KFDX,56.59808141855549,2012-06-12 21:15:00,70.5,42.3,4.9375,2.2,-1.9375,0.96,0.2150000035762787,2935,733,152,0.24965940054495914,0.20708446866485014,6.875,1
3,2017,6,15,2017-06-15,18:15:00,4.0,37.05,-98.48,KVNX,47.04438833938191,2017-06-15 18:15:00,64.0,43.0,4.9375,2.0,-1.9375,0.94,0.2083333283662796,10853,2245,89,0.2068361894232541,0.0396260017809439,6.875,1
4,2019,5,23,2019-05-23,17:43:00,4.25,38.42,-81.47,KRLX,25.590417252997483,2019-05-23 17:43:00,66.5,45.4,4.9375,2.3,-1.9375,0.95,0.2083333283662796,3470,1161,121,0.334485738980121,0.10413080895008606,6.875,1
5,2013,6,21,2013-06-21,07:05:00,4.25,43.6163,-102.982,KUDX,56.3795094243716,2013-06-21 07:05:00,67.5,41.2,4.9375,1.7,-1.9375,0.98,0.2083333283662796,8752,1741,210,0.19890323317719638,0.12055109070034443,6.875,1
6,2014,7,27,2014-07-27,13:55:00,4.25,37.16,-83.55,KJKL,51.60619405878281,2014-07-27 13:55:00,73.5,41.3,4.9375,1.4,-1.9375,0.98,0.2083333283662796,12112,1310,178,0.10814827045323207,0.13577421815408086,6.875,1
7,2015,6,1,2015-06-01,18:55:00,4.5,44.23,-103.39,KUDX,47.49669732355498,2015-06-01 18:55:00,71.0,43.0,4.9375,2.0,-1.9375,0.94,0.2083333283662796,7714,1859,279,0.24095917044718082,0.15,6.875,1
8,2020,8,23,2020-08-23,16:30:00,4.0,45.91,-98.68,KABR,55.58597215070164,2020-08-23 16:30:00,66.5,42.2,4.9375,3.0,-1.9375,0.92,0.2083333283662796,6333,1136,50,0.17934954215345753,0.04397537379067722,6.875,1
9,2016,7,7,2016-07-07,18:56:00,4.25,39.8434,-101.5966,KGLD,55.24705863788271,2016-07-07 18:56:00,62.5,43.3,4.9375,2.4,-1.75,0.95,0.2083333283662796,3352,880,44,0.262451535937966,0.049943246311010214,6.6875,1
10,2014,6,14,2014-06-14,20:34:00,4.25,40.56,-98.35,KUEX,27.501094875341504,2014-06-14 20:34:00,73.5,44.0,4.9375,2.1,-1.9375,0.95,0.2083333283662796,13299,3749,516,0.2818796992481203,0.1376,6.875,1
11,2015,8,2,2015-08-02,13:24:00,4.0,44.78,-88.06,KGRB,32.46942905632297,2015-08-02 13:24:00,64.0,43.2,4.9375,2.3,-1.9375,0.96,0.2083333283662796,5950,1332,39,0.2238279280793144,0.029257314328582147,6.875,1
12,2019,8,5,2019-08-05,11:34:00,4.0,45.02,-93.81,KMPX,28.369963484090388,2019-08-05 11:34:00,67.0,40.6,4.9375,1.8,-1.9375,0.97,0.2083333283662796,23727,2503,99,0.10548718813216452,0.03953674121405751,6.875,1
13,2016,5,26,2016-05-26,17:54:00,4.0,37.32,-99.65,KDDC,56.43249540408294,2016-05-26 17:54:00,66.0,46.3,4.9375,2.3,-1.9375,0.95,0.2083333283662796,10671,4231,376,0.3964580209895052,0.0888468809073724,6.875,1
14,2014,5,26,2014-05-26,18:02:00,4.25,31.9314,-101.572,KMAF,57.49972089556686,2014-05-26 18:02:00,70.0,43.6,4.9375,2.0,-1.3125,0.98,0.5583333373069763,6476,1708,174,0.2637023313262313,0.10181392627267408,6.25,1
15,2015,8,2,2015-08-02,13:32:00,4.0,44.76,-88.0,KGRB,31.24772619679249,2015-08-02 13:32:00,67.5,41.9,4.9375,2.5,-1.9375,0.97,0.2083333283662796,8156,1321,65,0.16194679416452126,0.049167927382753406,6.875,1
16,2016,4,12,2016-04-12,20:46:00,4.0,29.46,-98.39,KEWX,43.360067760465846,2016-04-12 20:46:00,72.5,43.8,4.9375,1.3,-1.9375,0.96,0.2083333283662796,15085,3977,399,0.26362190110035794,0.10030165912518854,6.875,1
17,2017,6,12,2017-06-12,16:00:00,4.25,40.63,-104.75,KCYS,56.79291543735832,2017-06-12 16:00:00,66.0,44.8,4.9375,2.3,-1.9375,0.94,0.2150000035762787,4647,1454,113,0.31282271944922546,0.07766323024054983,6.875,1
18,2020,8,8,2020-08-08,17:10:00,4.5,44.0845,-103.48,KUDX,52.92530105485046,2020-08-08 17:10:00,66.5,39.6,4.9375,2.2,-1.9375,0.97,0.2083333283662796,5735,591,8,0.10303347280334728,0.013513513513513514,6.875,1
19,2013,8,30,2013-08-30,13:40:00,4.25,44.1,-103.431,KUDX,48.93198087417343,2013-08-30 13:40:00,67.0,41.4,4.9375,2.0,-1.9375,0.94,0.2083333283662796,3973,810,67,0.2038248616004026,0.08261405672009864,6.875,1
20,2017,5,27,2017-05-27,12:02:00,4.25,38.41,-94.17,KEAX,42.90536850233433,2017-05-27 12:02:00,67.5,45.2,4.9375,2.0,-1.9375,0.96,0.2083333283662796,22354,7143,161,0.319525833146947,0.02253639417693169,6.875,1
21,2012,6,12,2012-06-12,21:05:00,4.5,34.2879,-103.432,KFDX,40.68940007423853,2012-06-12 21:05:00,67.0,42.7,4.9375,2.1,-1.875,0.95,0.4250000119209289,3550,889,151,0.25035201351731906,0.1696629213483146,6.8125,1
22,2014,6,12,2014-06-12,16:40:00,4.5,32.49,-99.69,KDYX,42.64450035959125,2014-06-12 16:40:00,69.5,39.9,4.9375,1.6,-1.9375,0.96,0.2083333283662796,10574,1157,137,0.10940898345153664,0.11830742659758203,6.875,1
23,2020,8,8,2020-08-08,17:05:00,4.0,44.0845,-103.48,KUDX,52.92530105485046,2020-08-08 17:05:00,61.0,39.6,4.9375,2.1,-1.9375,0.96,0.2083333283662796,4962,511,5,0.10296191819464035,0.009765625,6.875,1
24,2014,6,14,2014-06-14,19:20:00,4.0,39.57,-101.71,KGLD,24.56141963434412,2014-06-14 19:20:00,71.5,45.7,4.9375,1.0,-1.9375,0.94,0.2083333283662796,32341,12473,1712,0.38565951394471587,0.1372454705788039,6.875,1
25,2018,5,1,2018-05-01,15:48:00,4.0,41.35,-97.07,KOAX,58.767891716037234,2018-05-01 15:48:00,66.5,40.8,4.9375,2.0,-1.875,0.98,0.324999988079071,7290,1079,144,0.1479906734329996,0.13333333333333333,6.8125,1
26,2015,3,25,2015-03-25,17:12:00,4.25,36.1918,-95.9035,KINX,30.09811433464392,2015-03-25 17:12:00,66.5,43.8,4.9375,2.3,-1.9375,0.95,0.2083333283662796,26000,6181,354,0.23772162609130418,0.05726302167583306,6.875,1
27,2013,8,3,2013-08-03,14:45:00,4.0,40.77,-105.1,KCYS,48.23174787679788,2013-08-03 14:45:00,72.0,40.8,4.9375,2.3,-1.9375,0.97,0.2083333283662796,10543,1796,350,0.17033383915022762,0.19476905954368393,6.875,1
28,2015,5,27,2015-05-27,17:01:00,4.5,34.0188,-101.892,KLBB,42.87063827980455,2015-05-27 17:01:00,64.5,40.7,4.9375,1.9,-1.9375,0.95,0.2083333283662796,3075,496,24,0.16124837451235371,0.0482897384305835,6.875,1
29,2013,7,23,2013-07-23,18:47:00,4.25,37.94,-97.87,KICT,50.43089101964034,2013-07-23 18:47:00,63.5,41.5,4.9375,2.4,-1.9375,0.98,0.2083333283662796,11276,1701,39,0.15083798882681565,0.022914218566392478,6.875,1
30,2012,6,12,2012-06-12,20:40:00,4.5,34.43,-103.63,KFDX,21.09704927012179,2012-06-12 20:40:00,68.5,43.8,4.9375,2.0,-1.9375,0.94,0.2083333283662796,4445,1358,299,0.3054430949167791,0.22001471670345843,6.875,1
31,2014,6,12,2014-06-12,16:55:00,4.5,32.5,-99.66,KDYX,39.71000624503183,2014-06-12 16:55:00,68.0,41.4,4.9375,1.9,-1.9375,0.96,0.2083333283662796,11466,1599,167,0.13944362082497602,0.104375,6.875,1
32,2014,6,3,2014-06-03,15:15:00,4.5,41.4601,-96.0378,KOAX,32.288869886446946,2014-06-03 15:15:00,73.5,47.0,4.9375,1.5,-1.9375,0.96,0.2083333283662796,20869,8235,1906,0.3945855294681361,0.23142302088392425,6.875,1
33,2018,8,6,2018-08-06,14:57:00,4.0,38.74,-104.7,KPUX,55.65694923454974,2018-08-06 14:57:00,73.0,40.0,4.9375,1.8,-1.9375,0.95,0.2083333283662796,6785,845,271,0.12452107279693486,0.3203309692671395,6.875,1
34,2020,7,11,2020-07-11,12:55:00,4.0,38.99,-95.98,KTWX,21.65964225056777,2020-07-11 12:55:00,69.5,43.2,4.9375,1.8,-1.9375,0.98,0.2083333283662796,10728,2238,182,0.20859353155000465,0.08128628852166146,6.875,1
35,2014,6,3,2014-06-03,15:03:00,4.75,41.5494,-96.2711,KOAX,27.8437677278376,2014-06-03 15:03:00,74.5,46.4,4.9375,1.3,-1.9375,0.94,0.2083333283662796,16854,5644,1979,0.33485612577870066,0.35057573073516385,6.875,1
36,2015,5,8,2015-05-08,13:29:00,4.5,33.45,-101.81,KLBB,21.094152591462382,2015-05-08 13:29:00,68.0,44.4,4.9375,1.4,-1.9375,0.95,0.2083333283662796,19824,4773,320,0.24075662042875157,0.06702974444909929,6.875,1
37,2020,4,24,2020-04-24,20:51:00,4.0,32.6214,-93.7085,KSHV,24.100255658844446,2020-04-24 20:51:00,74.5,44.3,4.9375,1.5,-1.9375,0.95,0.2083333283662796,22450,6231,1068,0.2775377488753285,0.17137355584082156,6.875,1
38,2014,5,22,2014-05-22,13:05:00,4.0,42.94,-74.19,KENX,41.18039261121775,2014-05-22 13:05:00,72.0,40.3,4.9375,1.6,-1.9375,0.98,0.2083333283662796,8378,1112,198,0.13271273421649363,0.1778975741239892,6.875,1
39,2012,4,28,2012-04-28,17:19:00,3.0,38.6732,-90.2843,KLSX,33.57182932943509,2012-04-28 17:19:00,70.5,41.5,4.9375,2.1,-1.875,0.98,0.2083333283662796,21068,3496,257,0.16593098865631972,0.0734915641978839,6.8125,1
40,2019,5,23,2019-05-23,18:45:00,3.0,39.36,-101.36,KGLD,27.603717533200857,2019-05-23 18:45:00,70.0,41.8,4.9375,1.5,-1.875,0.98,0.2083333283662796,5928,1290,307,0.21757463315904874,0.2378001549186677,6.8125,1
41,2016,6,16,2016-06-16,16:07:00,3.0,39.07,-77.88,KLWX,35.916854212823885,2016-06-16 16:07:00,69.0,42.1,4.9375,1.8,-1.875,0.96,0.2083333283662796,4598,851,179,0.18504022613611654,0.21009389671361503,6.8125,1
42,2016,6,22,2016-06-22,18:55:00,3.0,44.4269,-93.332,KMPX,48.61296010202687,2016-06-22 18:55:00,66.0,43.2,4.9375,2.0,-1.9375,0.96,0.2083333283662796,5643,1211,59,0.21456413890857548,0.04867986798679868,6.875,1
43,2015,7,13,2015-07-13,16:49:00,3.75,41.3324,-88.7093,KLOT,58.3932331883579,2015-07-13 16:49:00,71.5,43.3,4.9375,2.4,-1.875,0.96,0.2083333283662796,5177,1033,198,0.19949787562765547,0.19148936170212766,6.8125,1
44,2015,5,9,2015-05-09,15:24:00,3.0,32.36,-98.99,KDYX,30.838770004860965,2015-05-09 15:24:00,65.0,43.3,4.9375,2.6,-1.9375,0.96,0.2083333283662796,8924,1976,78,0.22140056022408963,0.03945371775417299,6.875,1
45,2016,6,21,2016-06-21,12:04:00,3.25,38.48,-82.02,KRLX,32.95706564459488,2016-06-21 12:04:00,65.5,40.8,4.9375,1.7,-1.9375,0.96,0.2083333283662796,20627,2267,43,0.10989916618188869,0.01895943562610229,6.875,1
46,2018,4,10,2018-04-10,06:15:00,3.0,29.96,-81.49,KJAX,59.000664477519976,2018-04-10 06:15:00,65.0,38.9,4.9375,1.1,-1.9375,0.99,0.5383333563804626,4555,426,27,0.09350307287093942,0.06323185011709602,6.875,1
47,2017,5,16,2017-05-16,16:52:00,3.0,37.39,-100.01,KDDC,41.217463054633406,2017-05-16 16:52:00,74.5,42.4,4.9375,1.9,-1.9375,0.96,0.2083333283662796,18998,3185,36,0.1676404021264277,0.011299435028248588,6.875,1
48,2016,4,12,2016-04-12,20:42:00,3.0,29.4957,-98.4593,KEWX,47.20938325161617,2016-04-12 20:42:00,72.5,43.6,4.9375,1.2,-1.9375,0.96,0.2083333283662796,16525,4183,399,0.2531163015853806,0.09536328871892925,6.875,1
49,2012,3,28,2012-03-28,17:57:00,3.0,38.8,-95.69,KTWX,51.37659867006648,2012-03-28 17:57:00,66.0,41.1,4.9375,2.4,-1.9375,0.97,0.2983333468437195,1879,397,33,0.21117021276595746,0.0829145728643216,6.875,1
50,2018,6,13,2018-06-13,01:00:00,3.0,38.67,-104.67,KPUX,49.42048497971407,2018-06-13 01:00:00,67.5,41.3,4.9375,2.2,-1.9375,0.95,0.2083333283662796,2811,533,100,0.1895448079658606,0.18726591760299627,6.875,1
51,2020,7,10,2020-07-10,16:40:00,3.25,44.0391,-103.287,KUDX,38.229805920078086,2020-07-10 16:40:00,73.5,42.8,4.9375,2.1,-1.9375,0.96,0.2083333283662796,15154,3457,434,0.2281095348069944,0.12550607287449392,6.875,1
52,2012,5,19,2012-05-19,17:06:00,3.0,37.67,-98.03,KICT,52.16926031458856,2012-05-19 17:06:00,69.5,44.3,4.9375,2.7,-1.9375,0.97,0.2416666597127914,13314,3667,354,0.2754036800600826,0.0965103598691385,6.875,1
53,2013,5,25,2013-05-25,18:45:00,3.0,48.57,-106.41,KGGW,43.98518080704972,2013-05-25 18:45:00,72.5,39.9,4.875,1.2,-1.9375,0.98,0.2083333283662796,10226,1090,254,0.10658061992764252,0.23281393217231897,6.8125,1
54,2019,4,13,2019-04-13,08:30:00,3.0,29.65,-98.62,KEWX,58.18026531439008,2019-04-13 08:30:00,71.0,42.4,4.9375,1.8,-1.3125,0.98,0.2083333283662796,8251,1820,217,0.22055259331071256,0.11916529379461833,6.25,1
55,2014,6,16,2014-06-16,09:16:00,3.5,40.96,-96.78,KOAX,51.66740644623629,2014-06-16 09:16:00,71.0,42.6,4.9375,1.8,-1.9375,0.98,0.2083333283662796,14716,3044,177,0.20683563226200993,0.05812807881773399,6.875,1
56,2014,6,14,2014-06-14,20:08:00,3.0,39.39,-101.05,KGLD,54.47047941992955,2014-06-14 20:08:00,70.5,44.3,4.9375,1.5,-1.9375,0.98,0.2249999940395355,16987,5194,692,0.30574523192842007,0.13320500481231953,6.875,1
57,2018,8,6,2018-08-06,15:24:00,3.0,38.54,-104.48,KPUX,28.462960387956727,2018-08-06 15:24:00,71.0,41.5,4.9375,1.9,-1.9375,0.95,0.2083333283662796,10181,2289,432,0.22480848556275781,0.188646288209607,6.875,1
58,2015,7,27,2015-07-27,17:00:00,3.5,43.9175,-103.51,KUDX,59.31964101405063,2015-07-27 17:00:00,67.5,42.4,4.9375,2.0,-1.9375,0.96,0.2083333283662796,8873,2095,169,0.23608293892269552,0.08062977099236641,6.875,1
59,2019,8,5,2019-08-05,14:50:00,3.0,45.23,-93.43,KMPX,45.80158200593206,2019-08-05 14:50:00,62.0,40.2,4.875,1.8,-1.8125,0.99,0.4483333230018616,3652,491,9,0.13441007391185328,0.018292682926829267,6.6875,1
60,2014,5,22,2014-05-22,14:00:00,3.0,42.7568,-74.1211,KENX,20.08183422477498,2014-05-22 14:00:00,70.5,39.9,4.9375,1.6,-1.9375,0.98,0.2083333283662796,15614,1951,397,0.12494396413704771,0.2033811475409836,6.875,1
61,2017,10,6,2017-10-06,16:12:00,3.0,38.12,-99.71,KDDC,46.03275954356251,2017-10-06 16:12:00,68.0,42.9,4.9375,1.8,-1.9375,0.95,0.2083333283662796,7979,1815,251,0.2274436090225564,0.138215859030837,6.875,1
62,2015,5,27,2015-05-27,15:07:00,3.0,34.89,-101.36,KAMA,48.57805811584823,2015-05-27 15:07:00,69.5,43.7,4.9375,1.9,-1.875,0.97,0.2483333349227905,5273,1431,312,0.2713310580204778,0.21787709497206703,6.8125,1
63,2018,6,19,2018-06-19,13:25:00,3.0,39.65,-104.99,KFTG,40.39566558701463,2018-06-19 13:25:00,65.5,42.8,4.9375,2.4,-1.9375,0.93,0.2083333283662796,4692,1120,125,0.2386533134455572,0.11150758251561106,6.875,1
64,2020,3,29,2020-03-29,01:12:00,3.0,33.7186,-88.1002,KGWX,29.23144907618624,2020-03-29 01:12:00,68.5,43.7,4.9375,1.7,-1.9375,0.98,0.2083333283662796,27537,6914,219,0.25107124700413974,0.0316702819956616,6.875,1
65,2019,8,5,2019-08-05,11:42:00,3.0,45.03,-93.72,KMPX,25.18367073156826,2019-08-05 11:42:00,68.0,39.6,4.9375,1.7,-1.9375,0.96,0.2083333283662796,22592,1346,37,0.05957597485946975,0.02746844840386043,6.875,1
66,2019,5,23,2019-05-23,17:41:00,3.0,38.45,-81.45,KRLX,28.87719034894482,2019-05-23 17:41:00,66.5,44.7,4.9375,2.3,-1.9375,0.96,0.2083333283662796,4025,1244,129,0.30899155489319424,0.10361445783132531,6.875,1
67,2012,4,28,2012-04-28,17:19:00,3.0,38.6488,-90.2985,KLSX,32.51812791845214,2012-04-28 17:19:00,70.5,41.5,4.9375,2.1,-1.875,0.98,0.2083333283662796,20934,3440,253,0.16431812753761643,0.07352513804126708,6.8125,1
68,2014,8,17,2014-08-17,15:35:00,3.0,43.838,-103.183,KUDX,41.97380440801376,2014-08-17 15:35:00,68.0,40.4,4.9375,1.9,-1.9375,0.97,0.2083333283662796,7342,1016,153,0.13836306686640337,0.1504424778761062,6.875,1
69,2016,4,29,2016-04-29,13:52:00,3.43,34.54,-98.98,KFDR,21.156775229968428,2016-04-29 13:52:00,68.0,43.1,4.9375,2.2,-1.9375,0.94,0.2083333283662796,11400,2601,227,0.2281378826418735,0.08724058416602613,6.875,1
70,2020,5,4,2020-05-04,17:05:00,3.5,35.01,-97.35,KTLX,35.35640035523488,2020-05-04 17:05:00,64.0,44.5,4.9375,2.6,-1.9375,0.95,0.2083333283662796,6417,1711,22,0.2665939545029604,0.012850467289719626,6.875,1
71,2013,8,30,2013-08-30,18:12:00,3.0,46.85,-101.41,KBIS,50.40203301814223,2013-08-30 18:12:00,68.5,41.5,4.9375,2.3,-1.9375,0.98,0.2083333283662796,4887,787,77,0.1610065466448445,0.09771573604060914,6.875,1
72,2014,6,29,2014-06-29,01:37:00,3.0,39.2,-101.88,KGLD,23.98258852577548,2014-06-29 01:37:00,65.0,40.6,4.9375,2.0,-1.75,0.98,0.2083333283662796,13807,1483,45,0.10740150637311703,0.03032345013477089,6.6875,1
73,2018,6,8,2018-06-08,23:30:00,3.0,41.39,-90.85,KDVN,33.02474263469811,2018-06-08 23:30:00,66.5,42.4,4.9375,1.8,-1.9375,0.96,0.2083333283662796,5803,1141,116,0.19658855961405927,0.10157618213660245,6.875,1
74,2019,6,21,2019-06-21,15:58:00,3.4,37.05,-89.05,KPAH,25.00237757136344,2019-06-21 15:58:00,63.5,40.7,4.9375,1.5,-1.9375,0.98,0.2083333283662796,20743,2093,25,0.10089664481295796,0.011938872970391595,6.875,1
75,2015,6,27,2015-06-27,16:37:00,3.0,47.78,-97.57,KMVX,34.47351045665488,2015-06-27 16:37:00,68.0,42.2,4.9375,2.2,-1.9375,0.94,0.2083333283662796,24739,4651,249,0.1879951495553759,0.05352536543422184,6.875,1
76,2020,5,14,2020-05-14,15:30:00,3.0,41.18,-93.73,KDMX,59.973813187810045,2020-05-14 15:30:00,66.0,42.3,4.9375,2.6,-1.9375,0.98,0.2283333390951156,11126,2094,138,0.18819088703154488,0.06587112171837708,6.875,1
77,2016,4,12,2016-04-12,20:48:00,3.0,29.48,-98.46,KEWX,48.05116884294572,2016-04-12 20:48:00,71.0,43.8,4.9375,1.2,-1.9375,0.96,0.2083333283662796,18596,4019,442,0.21611012528902512,0.10995024875621891,6.875,1
78,2019,10,10,2019-10-10,18:12:00,3.0,32.77,-97.45,KFWS,27.20932797530564,2019-10-10 18:12:00,62.0,39.0,4.9375,1.6,-1.9375,0.96,0.2083333283662796,10616,625,3,0.05886785344259207,0.004792332268370607,6.875,1
79,2016,7,8,2016-07-08,10:43:00,3.0,45.02,-85.26,KAPX,45.740999192028845,2016-07-08 10:43:00,67.0,42.2,4.9375,2.0,-1.8125,0.98,0.5450000166893005,10382,1619,64,0.1559279591640181,0.03950617283950617,6.75,1
80,2018,5,14,2018-05-14,17:56:00,3.0,38.8692,-101.9637,KGLD,58.74717718805029,2018-05-14 17:56:00,73.5,41.1,4.9375,1.7,-1.9375,0.98,0.4816666543483734,9156,1569,646,0.171344326744567,0.41146496815286626,6.875,1
81,2018,8,14,2018-08-14,17:25:00,3.0,35.3561,-97.7244,KTLX,42.40864615613962,2018-08-14 17:25:00,62.5,40.6,4.9375,1.7,-1.9375,0.96,0.2083333283662796,5986,626,1,0.10455987973943544,0.001594896331738437,6.875,1
82,2018,6,6,2018-06-06,00:50:00,3.0,32.95,-97.02,KFWS,50.58784828504811,2018-06-06 00:50:00,69.0,42.8,4.9375,1.7,-1.9375,0.96,0.2383333295583725,4360,869,132,0.1992662233432699,0.15172413793103448,6.875,1
83,2016,4,12,2016-04-12,20:47:00,3.5,29.45,-98.36,KEWX,41.65927544333224,2016-04-12 20:47:00,71.0,42.8,4.9375,1.2,-1.9375,0.96,0.2083333283662796,19944,3844,442,0.19273000752068187,0.11495448634590377,6.875,1
84,2014,6,14,2014-06-14,20:00:00,3.0,39.39,-101.12,KGLD,48.46094877973675,2014-06-14 20:00:00,71.0,45.8,4.9375,1.9,-1.9375,0.97,0.2083333283662796,17473,5719,636,0.327286253862882,0.11118881118881119,6.875,1
85,2012,4,28,2012-04-28,15:24:00,3.0,38.5455,-90.0628,KLSX,54.95214690355832,2012-04-28 15:24:00,70.5,43.9,4.9375,2.1,-1.9375,0.97,0.3916666805744171,4818,1375,262,0.2853289064121187,0.19040697674418605,6.875,1
86,2017,4,2,2017-04-02,20:20:00,3.01,26.23,-97.58,KBRO,39.32194866192962,2017-04-02 20:20:00,69.5,41.3,4.9375,2.2,-1.9375,0.97,0.2083333283662796,7999,1267,129,0.158375,0.10173501577287067,6.875,1
87,2019,5,23,2019-05-23,18:14:00,3.0,38.23,-81.15,KRLX,50.48524790568255,2019-05-23 18:14:00,59.5,41.2,4.9375,2.2,-0.6875,0.97,0.2949999868869781,3275,462,0,0.14102564102564102,0.0,5.625,1
88,2012,5,29,2012-05-29,17:35:00,3.0,36.4,-98.14,KVNX,37.772111746303686,2012-05-29 17:35:00,63.5,41.8,4.9375,2.0,-1.9375,0.96,0.2083333283662796,18460,2768,47,0.14993770651644006,0.016973636691946552,6.875,1
89,2016,7,6,2016-07-06,16:23:00,3.0,44.5655,-102.56,KUDX,54.69707291305137,2016-07-06 16:23:00,74.0,47.3,4.9375,1.3,-1.9375,0.96,0.2083333283662796,20666,9001,1390,0.43552523346397637,0.1544101310819818,6.875,1
90,2016,5,8,2016-05-08,17:05:00,3.0,38.02,-99.41,KDDC,57.09028325707684,2016-05-08 17:05:00,67.0,42.6,4.9375,2.3,-1.9375,0.97,0.2116666734218597,3847,873,54,0.22687110187110188,0.06178489702517163,6.875,1
91,2018,6,18,2018-06-18,19:31:00,3.0,39.93,-105.15,KFTG,53.97802379340095,2018-06-18 19:31:00,68.5,44.1,4.9375,2.0,-1.875,0.96,0.2083333283662796,2878,921,307,0.31990274400833624,0.3329718004338395,6.8125,1
92,2019,8,5,2019-08-05,11:41:00,3.0,45.02,-93.81,KMPX,28.369963484090388,2019-08-05 11:41:00,68.0,40.0,4.9375,1.7,-1.9375,0.97,0.2083333283662796,18738,1302,37,0.06948076204706762,0.0283960092095165,6.875,1
93,2017,4,1,2017-04-01,17:28:00,3.0,31.72,-100.05,KSJT,56.42725294048293,2017-04-01 17:28:00,73.0,44.2,4.9375,2.3,-1.9375,0.96,0.2083333283662796,7227,2281,281,0.31557830658550085,0.1231375985977213,6.875,1
94,2020,7,10,2020-07-10,16:50:00,3.25,44.08,-103.3106,KUDX,39.42742443203011,2020-07-10 16:50:00,74.5,43.9,4.9375,2.1,-1.9375,0.96,0.2083333283662796,13554,3687,678,0.27200295094061233,0.18383947939262474,6.875,1
95,2020,5,7,2020-05-07,18:12:00,3.0,34.08,-99.38,KFDR,48.93839535217958,2020-05-07 18:12:00,73.0,42.1,4.9375,1.9,-1.9375,0.96,0.2083333283662796,17321,3560,228,0.2055189931878536,0.06402695871946082,6.875,1
96,2016,7,8,2016-07-08,09:49:00,3.0,45.16,-85.13,KAPX,44.67690685195012,2016-07-08 09:49:00,69.5,41.6,4.9375,2.0,-1.9375,0.97,0.2083333283662796,9267,1580,218,0.17047906776003452,0.137887413029728,6.875,1
97,2020,7,11,2020-07-11,12:57:00,3.0,38.99,-95.97,KTWX,22.52602736335181,2020-07-11 12:57:00,69.5,43.1,4.9375,1.8,-1.9375,0.98,0.2083333283662796,10730,2238,182,0.20855465473860776,0.08128628852166146,6.875,1
98,2020,4,8,2020-04-08,16:21:00,3.0,39.87,-89.61,KILX,37.819001757791305,2020-04-08 16:21:00,77.5,44.3,4.9375,2.2,-1.9375,0.96,0.2083333283662796,26283,6271,834,0.23858621214427028,0.1329719387755102,6.875,1
99,2020,5,4,2020-05-04,16:55:00,3.0,35.01,-97.21,KTLX,34.69286847947669,2020-05-04 16:55:00,67.5,44.8,4.9375,2.2,-1.9375,0.95,0.2083333283662796,11393,3317,209,0.2911181323503598,0.06298975286317059,6.875,1
100,2020,6,20,2020-06-20,18:30:00,3.0,31.9309,-102.4,KMAF,20.82749659109621,2020-06-20 18:30:00,72.5,39.7,4.9375,2.1,-1.9375,0.95,0.2083333283662796,12636,1662,257,0.13151855661945083,0.1545399879735418,6.875,1
101,2020,5,21,2020-05-21,19:51:00,3.0,31.57,-100.49,KSJT,23.36172584597597,2020-05-21 19:51:00,68.5,43.8,4.9375,2.2,-1.9375,0.96,0.2083333283662796,12464,3051,242,0.24476534296028882,0.07929226736566186,6.875,1
102,2015,5,9,2015-05-09,16:04:00,3.25,32.4,-98.82,KDYX,42.42599927548349,2015-05-09 16:04:00,62.0,43.6,4.9375,2.3,-1.9375,0.97,0.2083333283662796,10383,2717,25,0.2616525423728814,0.00919793966151582,6.875,1
103,2020,5,7,2020-05-07,18:36:00,3.0,34.05,-99.41,KFDR,53.17531730735888,2020-05-07 18:36:00,69.5,45.3,4.9375,1.4,-1.9375,0.92,0.2083333283662796,7210,2279,311,0.3160449313548745,0.13640350877192983,6.875,1
104,2016,6,17,2016-06-17,04:10:00,3.0,46.84,-100.14,KBIS,47.96136696054807,2016-06-17 04:10:00,61.0,40.5,4.9375,1.7,-1.9375,0.97,0.2083333283662796,11129,1057,2,0.0949685534591195,0.001890359168241966,6.875,1
105,2017,6,12,2017-06-12,19:30:00,3.0,33.9744,-101.6936,KLBB,38.37736898472934,2017-06-12 19:30:00,73.0,42.4,4.9375,1.9,-1.9375,0.95,0.2083333283662796,8830,1761,176,0.19941116521345262,0.09988649262202043,6.875,1
106,2019,4,13,2019-04-13,08:48:00,3.0,29.6531,-98.6136,KEWX,57.54200692826649,2019-04-13 08:48:00,69.0,40.3,4.9375,2.1,-1.9375,0.98,0.2083333283662796,11440,1352,88,0.11817148850624945,0.06504065040650407,6.875,1
107,2017,6,29,2017-06-29,20:40:00,3.75,41.27,-96.0,KOAX,30.34128732701666,2017-06-29 20:40:00,67.5,42.4,4.9375,1.8,-1.9375,0.97,0.2083333283662796,11258,2398,295,0.21298516742161827,0.12296790329303876,6.875,1
108,2018,4,10,2018-04-10,06:15:00,3.0,29.98,-81.49,KJAX,56.922222076507744,2018-04-10 06:15:00,65.0,38.8,4.9375,1.2,-1.9375,0.99,0.2483333349227905,4834,429,27,0.08872802481902792,0.06279069767441861,6.875,1
109,2016,7,27,2016-07-27,11:12:00,3.0,44.98,-94.03,KMPX,39.97114857542218,2016-07-27 11:12:00,66.5,41.0,4.875,1.5,-1.8125,0.98,0.4783333241939544,3362,603,47,0.1793041926851026,0.07781456953642384,6.6875,1
110,2020,7,10,2020-07-10,16:35:00,3.0,44.08,-103.3106,KUDX,39.42742443203011,2020-07-10 16:35:00,75.0,42.9,4.9375,2.1,-1.9375,0.96,0.2083333283662796,15255,3439,361,0.22541950707918196,0.10494186046511628,6.875,1
111,2016,5,26,2016-05-26,12:45:00,3.0,39.18,-94.19,KEAX,43.7186756319614,2016-05-26 12:45:00,67.5,42.1,4.9375,1.7,-1.9375,0.96,0.2083333283662796,4562,970,225,0.21257944334867412,0.23171987641606592,6.875,1
112,2020,7,10,2020-07-10,16:54:00,3.0,44.0666,-103.2223,KUDX,32.57791438801969,2020-07-10 16:54:00,74.5,42.3,4.9375,2.1,-1.9375,0.96,0.2083333283662796,18839,3984,678,0.21146496815286625,0.17013801756587202,6.875,1
113,2019,6,19,2019-06-19,16:30:00,3.0,37.55,-100.02,KDDC,23.721815137626045,2019-06-19 16:30:00,72.0,41.3,4.9375,2.1,-1.9375,0.93,0.2083333283662796,13886,2253,273,0.16223806437675523,0.12111801242236025,6.875,1
114,2014,6,16,2014-06-16,18:27:00,3.0,44.0131,-103.3,KUDX,39.93778558646811,2014-06-16 18:27:00,66.5,40.0,4.9375,2.1,-1.9375,0.96,0.2083333283662796,5536,656,71,0.11847570886761784,0.1080669710806697,6.875,1
115,2015,3,25,2015-03-25,17:05:00,3.0,36.148,-96.1084,KINX,48.5078989284873,2015-03-25 17:05:00,67.0,45.6,4.9375,1.8,-1.9375,0.96,0.2083333283662796,16731,5587,477,0.3339110686110447,0.08536148890479599,6.875,1
116,2018,6,6,2018-06-06,01:00:00,3.0,32.95,-96.9,KFWS,57.23380479082849,2018-06-06 01:00:00,66.0,42.1,4.9375,1.7,-1.9375,0.97,0.2450000047683715,6049,1111,88,0.18363636363636363,0.07913669064748201,6.875,1
117,2017,11,5,2017-11-05,14:36:00,3.0,38.6714,-90.171,KLSX,43.43364313731114,2017-11-05 14:36:00,63.0,41.3,4.9375,2.1,-1.9375,0.98,0.375,2064,331,5,0.16029055690072638,0.015060240963855422,6.875,1
118,2017,6,12,2017-06-12,16:35:00,3.0,40.94,-104.3,KCYS,47.54847369529847,2017-06-12 16:35:00,68.0,44.9,4.9375,2.4,-1.9375,0.97,0.2083333283662796,13858,4199,512,0.3029800129879501,0.1219047619047619,6.875,1
119,2019,4,13,2019-04-13,08:53:00,3.0,29.68,-98.52,KEWX,48.397128510717245,2019-04-13 08:53:00,67.0,40.3,4.9375,2.1,-1.9375,0.98,0.2083333283662796,12624,1584,42,0.12546534653465347,0.026498422712933754,6.875,1
120,2018,6,29,2018-06-29,17:30:00,3.0,44.23,-103.3496,KUDX,44.40485215794001,2018-06-29 17:30:00,70.5,44.0,4.9375,2.1,-1.9375,0.97,0.2083333283662796,10608,3009,263,0.2836271090583467,0.08737541528239202,6.875,1
121,2017,7,22,2017-07-22,16:30:00,3.0,39.42,-96.07,KTWX,49.69851829473297,2017-07-22 16:30:00,65.0,43.0,4.9375,2.6,-1.9375,0.95,0.2083333283662796,4795,1046,48,0.21809841534612176,0.045845272206303724,6.875,1
122,2015,8,2,2015-08-02,19:25:00,3.0,42.8882,-88.0379,KMKX,42.371697459341206,2015-08-02 19:25:00,63.5,44.3,4.9375,2.4,-1.3125,0.98,0.5983333587646484,6643,1944,24,0.2925948223961469,0.012339331619537276,6.25,1
123,2019,7,26,2019-07-26,19:20:00,3.0,45.08,-93.14,KMPX,43.85384784934492,2019-07-26 19:20:00,63.0,40.9,4.9375,2.0,-0.875,0.99,0.348333328962326,6850,1028,39,0.1500510874324916,0.037900874635568516,5.8125,1
124,2017,6,15,2017-06-15,18:06:00,3.0,37.05,-98.57,KVNX,52.84268021376247,2017-06-15 18:06:00,65.0,42.4,4.9375,2.0,-1.9375,0.94,0.2083333283662796,11725,2399,142,0.20458809483199727,0.059166666666666666,6.875,1
125,2019,8,11,2019-08-11,18:01:00,3.0,39.68,-101.92,KGLD,42.05145421194984,2019-08-11 18:01:00,69.5,43.4,4.9375,2.1,-1.875,0.97,0.2083333283662796,8317,2162,165,0.25991824957922577,0.07628294036061026,6.8125,1
126,2013,5,20,2013-05-20,13:27:00,3.25,35.51,-97.75,KTLX,49.24415839779447,2013-05-20 13:27:00,70.5,41.8,4.9375,2.2,-1.9375,0.96,0.2083333283662796,9660,1468,101,0.15195114377393645,0.06875425459496257,6.875,1
127,2019,4,13,2019-04-13,08:48:00,3.0,29.65,-98.62,KEWX,58.18026531439008,2019-04-13 08:48:00,69.0,40.4,4.9375,2.1,-1.9375,0.98,0.2083333283662796,11492,1357,88,0.11807186983381189,0.06480117820324006,6.875,1
128,2015,5,26,2015-05-26,18:45:00,3.0,36.25,-98.11,KVNX,54.38180149311594,2015-05-26 18:45:00,64.5,42.1,4.9375,2.3,-1.9375,0.97,0.2416666597127914,3942,692,39,0.17550088764899824,0.05627705627705628,6.875,1
129,2011,5,23,2011-05-23,15:29:00,3.0,36.47,-98.25,KVNX,32.14033820553844,2011-05-23 15:29:00,67.5,43.8,4.9375,2.5,-1.9375,0.96,0.2083333283662796,18051,4505,135,0.24955683580766674,0.02996005326231691,6.875,1
130,2019,8,5,2019-08-05,11:36:00,3.0,45.03,-93.78,KMPX,27.727729967482325,2019-08-05 11:36:00,64.5,40.6,4.9375,1.7,-1.9375,0.96,0.2083333283662796,24396,1474,42,0.06041726441775628,0.02847457627118644,6.875,1
131,2020,8,14,2020-08-14,17:10:00,3.0,40.5893,-98.0596,KUEX,43.37512650369881,2020-08-14 17:10:00,65.5,42.2,4.9375,2.7,-1.9375,0.86,0.2083333283662796,8074,1902,96,0.23554179566563468,0.05044666316342617,6.875,1
132,2020,5,4,2020-05-04,16:42:00,3.41,35.12,-97.17,KTLX,23.653494925540613,2020-05-04 16:42:00,65.5,43.0,4.9375,2.2,-1.9375,0.95,0.2083333283662796,13015,2736,144,0.21020282728948986,0.052612349287541105,6.875,1
133,2015,5,26,2015-05-26,18:38:00,3.0,36.23,-98.16,KVNX,56.7070799783444,2015-05-26 18:38:00,67.0,42.9,4.9375,2.3,-1.625,0.96,0.2583333253860473,3119,690,59,0.22115384615384615,0.085383502170767,6.5625,1
134,2016,5,16,2016-05-16,19:33:00,3.0,35.54,-101.93,KAMA,40.74407978119806,2016-05-16 19:33:00,68.0,42.3,4.9375,2.5,-1.9375,0.96,0.2083333283662796,6119,1424,207,0.2326797385620915,0.14526315789473684,6.875,1
135,2013,8,30,2013-08-30,19:07:00,3.0,46.78,-101.07,KBIS,23.70222245869917,2013-08-30 19:07:00,70.0,41.3,4.9375,2.0,-1.9375,0.96,0.2083333283662796,7035,1323,192,0.18803297328027288,0.14501510574018128,6.875,1
136,2013,3,18,2013-03-18,14:51:00,3.0,32.8,-86.57,KBMX,43.69740258192207,2013-03-18 14:51:00,70.0,43.5,4.9375,2.3,-1.9375,0.96,0.2083333283662796,4628,991,188,0.2140851155757183,0.18951612903225806,6.875,1
137,2016,5,16,2016-05-16,19:40:00,3.0,35.52,-101.92,KAMA,38.36702564189953,2016-05-16 19:40:00,65.5,41.0,4.9375,2.6,-1.9375,0.96,0.2083333283662796,7876,1379,25,0.17506664973974864,0.018115942028985508,6.875,1
138,2012,6,15,2012-06-15,14:20:00,3.0,25.73,-80.27,KAMX,20.162106894956064,2012-06-15 14:20:00,63.0,40.6,4.9375,1.6,-1.9375,0.98,0.2083333283662796,9002,822,3,0.09130289903365545,0.0036452004860267314,6.875,1
139,2018,6,29,2018-06-29,17:18:00,3.0,44.2733,-103.4045,KUDX,50.12850610259888,2018-06-29 17:18:00,70.5,44.7,4.9375,1.5,-1.9375,0.97,0.2083333283662796,9721,2982,611,0.30672701090310633,0.20482735501173316,6.875,1
140,2018,6,14,2018-06-14,19:16:00,3.0,48.72,-100.5,KMBX,45.79484851532689,2018-06-14 19:16:00,72.0,44.2,4.9375,1.7,-1.9375,0.95,0.2083333283662796,7311,1918,258,0.262308533916849,0.1344450234497134,6.875,1
141,2017,4,16,2017-04-16,19:14:00,3.0,35.2,-101.25,KAMA,41.94368589560918,2017-04-16 19:14:00,65.0,41.8,4.9375,2.0,-1.9375,0.91,0.2083333283662796,3365,730,55,0.21687462863933452,0.07523939808481532,6.875,1
142,2019,6,25,2019-06-25,16:05:00,3.0,40.47,-98.65,KUEX,25.025958086903103,2019-06-25 16:05:00,70.0,44.5,4.9375,2.4,-1.9375,0.9,0.2083333283662796,24558,7738,1472,0.3150779754876013,0.19020545290089158,6.875,1
143,2013,3,30,2013-03-30,20:30:00,3.0,35.8166,-95.2995,KINX,46.1798786660744,2013-03-30 20:30:00,69.0,43.2,4.9375,2.1,-1.9375,0.95,0.2083333283662796,5724,1585,257,0.27685589519650655,0.16204287515762925,6.875,1
144,2014,5,14,2014-05-14,17:29:00,3.0,40.65,-80.58,KPBZ,32.96065922642455,2014-05-14 17:29:00,68.5,40.9,4.9375,2.2,-1.875,0.97,0.2083333283662796,5215,853,78,0.16353527607361965,0.09133489461358314,6.8125,1
145,2016,4,12,2016-04-12,20:35:00,3.0,29.47,-98.47,KEWX,49.42697986787332,2016-04-12 20:35:00,69.0,42.2,4.9375,1.2,-1.9375,0.97,0.2083333283662796,11522,2780,183,0.24125661720038186,0.06580366774541532,6.875,1
146,2018,5,19,2018-05-19,19:09:00,3.0,33.4628,-101.8824,KLBB,21.091177170163952,2018-05-19 19:09:00,68.0,44.1,4.9375,2.9,-1.9375,0.94,0.2083333283662796,20994,5403,378,0.25734698737794715,0.06994818652849741,6.875,1
147,2019,8,10,2019-08-10,16:42:00,3.0,44.23,-103.39,KUDX,47.49669732355498,2019-08-10 16:42:00,70.5,41.9,4.9375,1.5,-1.9375,0.96,0.2083333283662796,5985,1303,256,0.21767457400601403,0.19631901840490798,6.875,1
148,2016,6,28,2016-06-28,14:04:00,3.5,37.92,-99.41,KDDC,52.39421540566569,2016-06-28 14:04:00,67.0,40.4,4.9375,2.1,-1.875,0.96,0.3016666769981384,2502,408,80,0.1630043947263284,0.19559902200489,6.8125,1
149,2012,7,23,2012-07-23,13:30:00,3.0,42.58,-74.75,KENX,55.82386960335535,2012-07-23 13:30:00,67.5,42.5,4.9375,2.0,-1.875,0.98,0.2916666567325592,3396,671,79,0.197527229908743,0.11755952380952381,6.8125,1
150,2012,4,28,2012-04-28,16:33:00,3.0,38.8345,-90.8563,KLSX,23.587956636185712,2012-04-28 16:33:00,72.0,41.0,4.9375,2.0,-1.9375,0.98,0.2083333283662796,27614,4124,360,0.14933912728589535,0.08727272727272728,6.875,1
151,2020,5,22,2020-05-22,17:29:00,3.0,34.12,-98.68,KFDR,36.28175305355804,2020-05-22 17:29:00,67.0,42.6,4.9375,2.1,-1.9375,0.96,0.2083333283662796,22860,4173,199,0.18253794672149073,0.04767609008145664,6.875,1
152,2015,6,27,2015-06-27,16:25:00,3.0,47.59,-97.64,KMVX,25.310960765159667,2015-06-27 16:25:00,64.5,41.5,4.9375,2.2,-1.9375,0.95,0.2083333283662796,21390,3638,67,0.1700715254078818,0.018411651552624347,6.875,1
153,2020,5,21,2020-05-21,19:55:00,3.0,31.52,-100.36,KSJT,20.592871663425868,2020-05-21 19:55:00,70.5,42.7,4.9375,1.9,-1.9375,0.96,0.2083333283662796,12783,2640,338,0.2065081351689612,0.12798182506626277,6.875,1
154,2020,7,18,2020-07-18,18:30:00,3.0,47.1,-92.4,KDLH,32.9942156445272,2020-07-18 18:30:00,72.0,42.7,4.9375,1.9,-1.75,0.98,0.2083333283662796,12169,2182,184,0.17929334428923582,0.0842876775080165,6.6875,1
155,2014,6,30,2014-06-30,12:55:00,3.5,41.3996,-93.3809,KDMX,45.98223858002667,2014-06-30 12:55:00,67.0,45.2,4.9375,1.6,-1.9375,0.98,0.2083333283662796,26704,5875,358,0.2199962553828871,0.060925799863852964,6.875,1
156,2015,4,22,2015-04-22,17:18:00,3.0,34.83,-102.0,KAMA,50.71932424686936,2015-04-22 17:18:00,75.0,42.8,4.9375,1.5,-1.9375,0.97,0.2083333283662796,19551,4383,1040,0.2241714402618658,0.23722627737226276,6.875,1
157,2015,6,25,2015-06-25,17:45:00,3.0,37.74,-100.31,KDDC,30.046226800624943,2015-06-25 17:45:00,70.5,40.9,4.9375,2.1,-1.9375,0.92,0.2083333283662796,10193,1636,342,0.16048656072199333,0.20891875381795968,6.875,1
158,2012,5,19,2012-05-19,17:03:00,3.0,37.67,-98.04,KICT,53.04990998769131,2012-05-19 17:03:00,69.5,44.4,4.9375,2.7,-1.9375,0.97,0.2416666597127914,13165,3667,354,0.2785204314142488,0.0965103598691385,6.875,1
159,2019,6,18,2019-06-18,19:33:00,3.0,35.65,-101.39,KAMA,55.85989212317905,2019-06-18 19:33:00,73.5,44.9,4.9375,1.6,-1.9375,0.95,0.2083333283662796,7687,2455,442,0.31932882414151925,0.17996742671009772,6.875,1
160,2014,7,27,2014-07-27,12:30:00,3.0,43.64,-84.17,KDTX,56.73174388333531,2014-07-27 12:30:00,66.5,43.9,4.8125,1.3,-1.9375,0.96,0.5583333373069763,2104,540,47,0.25653206650831356,0.08687615526802218,6.75,1
161,2012,4,15,2012-04-15,00:45:00,2.5,39.5,-96.4,KTWX,58.491233028662506,2012-04-15 00:45:00,66.5,43.3,4.9375,1.9,-1.9375,0.98,0.2083333283662796,13275,2900,199,0.21843928894245254,0.06859703550499828,6.875,1
162,2018,6,19,2018-06-19,13:40:00,2.5,39.62,-104.78,KFTG,26.546305909989247,2018-06-19 13:40:00,72.5,41.3,4.9375,2.2,-1.9375,0.92,0.2083333283662796,6320,1314,261,0.20787850023730423,0.19847908745247148,6.875,1
163,2017,5,19,2017-05-19,14:45:00,2.5,34.08,-98.56,KFDR,47.49421803809776,2017-05-19 14:45:00,66.5,41.7,4.9375,1.7,-1.9375,0.98,0.2083333283662796,14479,2014,56,0.13908839779005525,0.027791563275434243,6.875,1
164,2019,6,22,2019-06-22,17:26:00,2.75,38.07,-97.8,KICT,57.28542954970815,2019-06-22 17:26:00,64.5,40.6,4.9375,2.1,-1.9375,0.97,0.2083333283662796,6698,881,16,0.13151216599492463,0.018140589569160998,6.875,1
165,2013,8,30,2013-08-30,19:15:00,2.5,48.0,-101.23,KMBX,50.829260934278544,2013-08-30 19:15:00,67.5,41.8,4.9375,2.2,-1.9375,0.93,0.2083333283662796,5738,1156,72,0.2014288203519777,0.06222990492653414,6.875,1
166,2014,8,9,2014-08-09,19:47:00,2.75,39.7911,-98.55,KUEX,59.61265673491805,2014-08-09 19:47:00,66.0,43.9,4.9375,1.5,-1.9375,0.98,0.2083333283662796,10243,2910,146,0.2840687231550176,0.05015458605290278,6.875,1
167,2018,6,29,2018-06-29,17:09:00,2.5,44.3535,-103.451,KUDX,57.21442292001702,2018-06-29 17:09:00,78.5,43.9,4.9375,1.6,-1.9375,0.97,0.2083333283662796,10542,2543,610,0.24120269373043726,0.23977987421383648,6.875,1
168,2016,5,1,2016-05-01,19:50:00,2.0,39.711,-86.0082,KIND,23.42743964379704,2016-05-01 19:50:00,72.5,40.6,4.9375,1.8,-1.9375,0.93,0.2083333283662796,10080,1565,308,0.1552425354627517,0.1966794380587484,6.875,1
169,2019,8,5,2019-08-05,11:36:00,2.75,45.01,-93.77,KMPX,25.48532187372401,2019-08-05 11:36:00,64.5,40.4,4.9375,1.7,-1.9375,0.96,0.2083333283662796,25022,1474,42,0.05890580665787475,0.02847457627118644,6.875,1
170,2014,5,20,2014-05-20,17:32:00,2.75,39.62,-104.01,KFTG,49.60386332247155,2014-05-20 17:32:00,75.5,44.7,4.9375,1.3,-1.9375,0.98,0.2083333283662796,9804,3274,911,0.33391126976032637,0.2781679389312977,6.875,1
171,2016,5,1,2016-05-01,19:50:00,2.0,39.72,-85.89,KIND,33.611895464158586,2016-05-01 19:50:00,72.5,41.9,4.9375,1.8,-1.9375,0.94,0.2083333283662796,7897,1508,308,0.1909344137756394,0.20410868124585818,6.875,1
172,2018,6,19,2018-06-19,14:06:00,2.75,39.61,-104.71,KFTG,23.3366360524876,2018-06-19 14:06:00,64.0,41.0,4.9375,2.3,-1.9375,0.92,0.2083333283662796,7897,1336,77,0.16915674854393517,0.05759162303664921,6.875,1
173,2016,4,12,2016-04-12,20:55:00,2.5,29.4514,-98.3853,KEWX,43.53335305551077,2016-04-12 20:55:00,72.0,43.0,4.9375,1.1,-1.9375,0.96,0.2083333283662796,22834,4535,463,0.19859864243485878,0.10207231040564374,6.875,1
174,2015,5,26,2015-05-26,19:23:00,2.0,36.49,-98.02,KVNX,29.149274540080928,2015-05-26 19:23:00,62.0,39.4,4.9375,2.1,-1.875,0.94,0.2083333283662796,3944,460,16,0.11660329531051965,0.03470715835140998,6.8125,1
175,2017,3,27,2017-03-27,12:14:00,2.0,36.6433,-88.5062,KPAH,52.874756569738594,2017-03-27 12:14:00,70.0,41.4,4.9375,1.8,-1.9375,0.99,0.4583333432674408,11130,1651,188,0.1483244991465277,0.11380145278450363,6.875,1
176,2016,4,10,2016-04-10,16:01:00,2.5,33.55,-101.38,KLBB,40.2424904506315,2016-04-10 16:01:00,67.0,41.7,4.9375,2.2,-1.9375,0.96,0.2083333283662796,3596,577,127,0.16041145398943565,0.21972318339100347,6.875,1
177,2020,8,5,2020-08-05,16:41:00,2.0,38.75,-104.74,KPUX,59.1733432614954,2020-08-05 16:41:00,71.0,42.6,4.9375,2.1,-1.9375,0.96,0.2349999994039535,2979,675,186,0.22651006711409397,0.27514792899408286,6.875,1
178,2018,6,12,2018-06-12,18:00:00,2.5,35.35,-101.38,KAMA,33.305201758410035,2018-06-12 18:00:00,71.5,42.1,4.9375,2.3,-1.9375,0.92,0.2083333283662796,6273,1467,177,0.2338221230474976,0.12057220708446867,6.875,1
179,2017,4,16,2017-04-16,17:20:00,2.5,31.9815,-102.6155,KMAF,41.42564221073214,2017-04-16 17:20:00,71.0,42.2,4.9375,2.2,-1.9375,0.95,0.2083333283662796,26021,5297,610,0.20355852739989239,0.11513778784446961,6.875,1
180,2012,7,23,2012-07-23,12:13:00,2.5,42.8722,-74.3263,KENX,38.65586145107255,2012-07-23 12:13:00,69.0,40.5,4.9375,2.2,-1.9375,0.98,0.2083333283662796,4525,494,43,0.10914714980114892,0.08686868686868687,6.875,1
181,2016,4,20,2016-04-20,14:30:00,2.0,31.17,-100.78,KSJT,36.269150573756114,2016-04-20 14:30:00,72.0,41.1,4.9375,2.2,-1.9375,0.95,0.2083333283662796,4785,858,161,0.17927287923109067,0.18742724097788127,6.875,1
182,2015,6,12,2015-06-12,17:58:00,2.5,32.3,-102.021,KMAF,42.646802025341785,2015-06-12 17:58:00,71.5,38.7,4.9375,1.4,-1.9375,0.96,0.2083333283662796,7074,722,147,0.10204946996466431,0.2033195020746888,6.875,1
183,2020,5,20,2020-05-20,01:19:00,2.5,46.3,-108.94,KBLX,56.156531355051406,2020-05-20 01:19:00,68.5,46.1,4.9375,1.3,-1.9375,0.96,0.6616666913032532,3028,1255,141,0.414328161109277,0.11226114649681529,6.875,1
184,2014,6,14,2014-06-14,19:00:00,2.75,39.5062,-102.049,KGLD,36.19633118885537,2014-06-14 19:00:00,71.5,44.2,4.9375,1.2,-1.9375,0.97,0.2083333283662796,17897,5374,1504,0.3002570119566432,0.27981395348837207,6.875,1
185,2014,7,27,2014-07-27,13:10:00,2.0,43.81,-83.96,KDTX,41.6569216134036,2014-07-27 13:10:00,65.0,42.9,4.9375,1.6,-1.875,0.97,0.7049999833106995,1530,326,33,0.21293272370999347,0.10091743119266056,6.8125,1
186,2014,7,27,2014-07-27,12:49:00,2.0,43.67,-84.0,KDTX,42.79474518190413,2014-07-27 12:49:00,68.0,40.3,4.8125,1.1,-1.9375,0.97,0.5649999976158142,2188,325,60,0.14846962083142987,0.18404907975460122,6.75,1
187,2020,8,4,2020-08-04,19:48:00,2.5,38.84,-103.87,KPUX,49.61294789878304,2020-08-04 19:48:00,73.5,43.4,4.9375,1.7,-1.9375,0.96,0.2083333283662796,8790,2146,485,0.24411329769082016,0.22589659990684677,6.875,1
188,2018,6,19,2018-06-19,12:55:00,2.0,40.86,-105.3,KCYS,52.31224403448511,2018-06-19 12:55:00,74.5,41.3,4.9375,1.9,-1.9375,0.95,0.2083333283662796,4780,876,143,0.18322526668061076,0.1630558722919042,6.875,1
189,2013,8,30,2013-08-30,13:45:00,2.75,44.08,-103.365,KUDX,43.76960408330466,2013-08-30 13:45:00,66.0,41.1,4.9375,2.1,-1.9375,0.94,0.2083333283662796,4176,875,22,0.2094804883887958,0.02511415525114155,6.875,1
190,2015,3,31,2015-03-31,19:17:00,2.5,35.37,-96.68,KTLX,53.014895453053,2015-03-31 19:17:00,65.5,41.3,4.9375,2.1,-1.9375,0.95,0.2083333283662796,4817,873,87,0.18119551681195517,0.09954233409610984,6.875,1
191,2014,7,10,2014-07-10,11:25:00,2.0,36.71,-77.06,KAKQ,30.437325522882187,2014-07-10 11:25:00,68.0,40.0,4.9375,1.2,-1.9375,0.98,0.2083333283662796,28744,2781,100,0.09674726039311185,0.035945363048166784,6.875,1
192,2013,7,10,2013-07-10,18:00:00,2.5,43.749,-103.244,KUDX,52.612933558180345,2013-07-10 18:00:00,69.5,43.3,4.9375,2.1,-1.9375,0.97,0.2083333283662796,3469,1029,247,0.29654178674351583,0.23980582524271846,6.875,1
193,2016,7,29,2016-07-29,19:35:00,2.5,40.23,-104.6,KFTG,50.14769529481096,2016-07-29 19:35:00,70.0,42.6,4.9375,1.9,-1.9375,0.96,0.3183333277702331,5807,1197,326,0.20609504132231404,0.27212020033388984,6.875,1
194,2014,9,1,2014-09-01,17:48:00,2.75,37.23,-97.02,KICT,58.75614578811809,2014-09-01 17:48:00,64.5,41.5,4.9375,2.4,-1.875,0.98,0.2483333349227905,8973,1422,30,0.15845776688210386,0.02108222066057625,6.8125,1
195,2015,3,25,2015-03-25,17:00:00,2.0,36.15,-96.1379,KINX,51.148420968503686,2015-03-25 17:00:00,67.0,45.8,4.9375,1.9,-1.9375,0.96,0.2083333283662796,15851,5491,404,0.3463916225082009,0.07356154406409322,6.875,1
196,2016,11,2,2016-11-02,14:17:00,2.0,39.23,-94.46,KEAX,51.82755645683129,2016-11-02 14:17:00,70.5,41.7,4.9375,1.3,-1.75,0.98,0.2349999994039535,4432,680,91,0.15339499210466953,0.13362701908957417,6.6875,1
197,2020,5,26,2020-05-26,16:02:00,2.0,30.42,-97.0,KGRK,48.60662865962062,2020-05-26 16:02:00,70.0,42.5,4.9375,1.6,-1.9375,0.96,0.4850000143051147,1383,331,57,0.23916184971098267,0.1716867469879518,6.875,1
198,2017,5,31,2017-05-31,15:30:00,2.75,30.28,-81.39,KJAX,35.86325436108412,2017-05-31 15:30:00,59.0,40.4,4.9375,1.8,-1.9375,0.98,0.2083333283662796,18100,1504,0,0.08308933208110049,0.0,6.875,1
199,2017,6,17,2017-06-17,19:15:00,2.0,37.71,-100.34,KDDC,33.083359025848225,2017-06-17 19:15:00,72.5,41.1,4.9375,2.2,-1.9375,0.93,0.2083333283662796,9395,1550,103,0.16496381438910174,0.06640876853642812,6.875,1
200,2017,4,2,2017-04-02,20:17:00,2.5,26.27,-97.5,KBRO,40.88782079490803,2017-04-02 20:17:00,69.5,41.3,4.9375,2.2,-1.9375,0.97,0.2083333283662796,7981,1264,129,0.15835630167877726,0.10197628458498023,6.875,1
201,2013,10,4,2013-10-04,17:21:00,2.75,41.02,-95.86,KOAX,52.23085545568136,2013-10-04 17:21:00,67.0,41.2,4.9375,1.6,-1.9375,0.98,0.2516666650772095,2553,474,49,0.1855912294440094,0.1031578947368421,6.875,1
202,2018,8,6,2018-08-06,14:37:00,2.5,38.71,-104.69,KPUX,53.1313326293273,2018-08-06 14:37:00,70.5,43.4,4.9375,2.3,-1.9375,0.95,0.2183333337306976,5613,1377,199,0.2452796579978625,0.1444121915820029,6.875,1
203,2017,4,20,2017-04-20,23:10:00,2.0,33.88,-99.18,KFDR,55.94620315923527,2017-04-20 23:10:00,71.5,41.6,4.9375,2.1,-1.9375,0.97,0.2083333283662796,7739,1209,179,0.1562015503875969,0.14793388429752066,6.875,1
204,2020,5,27,2020-05-27,19:39:00,2.0,29.83,-97.67,KEWX,37.71575364776695,2020-05-27 19:39:00,69.5,43.6,4.9375,1.7,-1.875,0.98,0.5616666674613953,9320,2269,279,0.24342881665057398,0.12290748898678414,6.8125,1
205,2016,4,30,2016-04-30,02:31:00,2.0,29.95,-98.29,KEWX,39.71075680972236,2016-04-30 02:31:00,65.5,41.6,4.9375,1.6,-1.9375,0.98,0.2083333283662796,18817,2821,81,0.14990966096290786,0.028703047484053862,6.875,1
206,2019,6,25,2019-06-25,16:31:00,2.0,40.43,-97.8,KUEX,54.87913019178938,2019-06-25 16:31:00,68.5,39.5,4.9375,2.0,-1.9375,0.93,0.2249999940395355,2798,407,61,0.14540907466952482,0.14950980392156862,6.875,1
207,2017,6,13,2017-06-13,17:32:00,2.5,40.4905,-98.6769,KUEX,28.243744198963302,2017-06-13 17:32:00,66.5,44.8,4.9375,2.8,-1.9375,0.94,0.2083333283662796,9938,3031,188,0.3049602575711842,0.06200527704485488,6.875,1
208,2020,5,20,2020-05-20,17:00:00,2.5,33.2107,-101.4167,KLBB,59.48018064042728,2020-05-20 17:00:00,68.0,41.0,4.9375,2.3,-1.6875,0.97,0.2083333283662796,5806,1048,131,0.18047184432581367,0.12488083889418494,6.625,1
209,2013,8,6,2013-08-06,18:55:00,2.0,44.7785,-93.2454,KMPX,26.31064360844612,2013-08-06 18:55:00,69.0,45.7,4.9375,1.6,-1.9375,0.96,0.2083333283662796,6170,1916,175,0.3104845243882677,0.0912884715701617,6.875,1
210,2012,7,4,2012-07-04,16:36:00,2.0,40.38,-79.81,KPBZ,38.87277531838996,2012-07-04 16:36:00,64.0,41.0,4.9375,2.3,-1.9375,0.98,0.2083333283662796,4776,552,24,0.11555369478752354,0.0433996383363472,6.875,1
211,2013,5,21,2013-05-21,13:25:00,2.0,42.395,-73.6982,KENX,36.83332610975699,2013-05-21 13:25:00,69.0,43.2,4.9375,2.0,-1.9375,0.97,0.2083333283662796,7819,2048,210,0.2618925831202046,0.10248901903367497,6.875,1
212,2019,8,11,2019-08-11,18:35:00,2.0,45.91,-109.04,KBLX,34.04075405622379,2019-08-11 18:35:00,70.5,41.6,4.9375,2.5,-1.9375,0.97,0.2083333283662796,10673,1812,137,0.1697582911748173,0.075565361279647,6.875,1
213,2017,5,9,2017-05-09,17:28:00,2.0,34.38,-103.31,KFDX,38.9791373904372,2017-05-09 17:28:00,72.5,43.7,4.9375,1.4,-1.9375,0.96,0.2083333283662796,13220,3376,733,0.2553513349973527,0.21705655907610305,6.875,1
214,2019,6,24,2019-06-24,19:30:00,2.75,33.87,-101.6,KLBB,31.530484698571755,2019-06-24 19:30:00,67.0,40.8,4.9375,2.0,-1.9375,0.93,0.2083333283662796,12165,1978,167,0.16258425119184614,0.08438605356240525,6.875,1
215,2015,6,12,2015-06-12,18:00:00,2.75,33.4329,-102.136,KLBB,38.75081492158991,2015-06-12 18:00:00,67.5,43.3,4.9375,1.5,-1.9375,0.94,0.2083333283662796,3287,886,153,0.2694647201946472,0.17249154453213078,6.875,1
216,2015,4,18,2015-04-18,19:55:00,2.0,30.19,-98.09,KEWX,56.93672295882592,2015-04-18 19:55:00,73.0,44.7,4.875,1.2,-1.9375,0.96,0.2483333349227905,3995,1075,356,0.26901901901901903,0.3308550185873606,6.8125,1
217,2016,3,30,2016-03-30,14:00:00,2.0,37.76,-96.78,KICT,59.70905998877828,2016-03-30 14:00:00,70.0,41.1,4.9375,2.1,-1.8125,0.99,0.7483333349227905,6580,1041,121,0.1581826470141316,0.11612284069097889,6.75,1
218,2012,3,2,2012-03-02,16:40:00,2.0,36.1999,-86.1412,KOHX,36.91003099620074,2012-03-02 16:40:00,59.0,38.0,4.875,1.4,-1.875,0.99,0.2083333283662796,5388,400,0,0.07422527370569679,0.0,6.75,1
219,2015,6,3,2015-06-03,18:42:00,2.5,39.38,-104.55,KFTG,44.41062936833122,2015-06-03 18:42:00,71.0,39.8,4.9375,1.8,-1.9375,0.96,0.2083333283662796,5660,983,179,0.17364423246776187,0.18191056910569106,6.875,1
220,2014,6,7,2014-06-07,22:10:00,2.5,33.5203,-102.074,KLBB,28.69355792637914,2014-06-07 22:10:00,67.0,43.2,4.9375,2.4,-1.9375,0.95,0.2083333283662796,12958,3115,229,0.24037348560845745,0.07349165596919127,6.875,1
221,2013,6,13,2013-06-13,18:40:00,2.0,46.23,-108.73,KBLX,43.24712469176036,2013-06-13 18:40:00,67.0,41.7,4.9375,1.8,-1.9375,0.97,0.4416666626930237,9251,1698,193,0.1835278858625162,0.11359623307828134,6.875,1
222,2015,8,2,2015-08-02,21:30:00,2.0,42.1241,-88.0485,KLOT,59.47668848511574,2015-08-02 21:30:00,59.5,44.4,4.9375,1.9,-0.625,0.98,0.6983333230018616,6448,1561,0,0.24205303147774848,0.0,5.5625,1
223,2018,6,3,2018-06-03,21:15:00,2.0,32.2386,-101.8974,KMAF,42.52128592544144,2018-06-03 21:15:00,61.5,40.2,4.9375,1.5,-1.9375,0.95,0.2083333283662796,18550,1777,19,0.09578998436741955,0.010686164229471317,6.875,1
224,2018,6,8,2018-06-08,15:01:00,2.0,44.0602,-103.4142,KUDX,47.91085585784177,2018-06-08 15:01:00,70.0,40.8,4.9375,2.5,-1.9375,0.94,0.2083333283662796,6338,1029,80,0.1623284429720776,0.07766990291262135,6.875,1
225,2016,5,16,2016-05-16,19:36:00,2.0,35.53,-101.91,KAMA,38.90009846395619,2016-05-16 19:36:00,68.0,42.4,4.9375,2.5,-1.9375,0.95,0.2083333283662796,5937,1424,207,0.23981138430447962,0.14526315789473684,6.875,1
226,2018,5,21,2018-05-21,18:13:00,2.0,31.87,-106.42,KEPZ,25.5490735931663,2018-05-21 18:13:00,66.0,39.8,4.9375,2.2,-1.9375,0.92,0.2083333283662796,7760,873,66,0.11248550444530345,0.07551487414187644,6.875,1
227,2020,3,28,2020-03-28,13:51:00,2.0,40.34,-80.6,KPBZ,37.219008986273856,2020-03-28 13:51:00,65.5,40.3,4.9375,1.3,-1.9375,0.98,0.2083333283662796,19001,2601,87,0.13688032838648564,0.0334358186010761,6.875,1
228,2015,4,1,2015-04-01,15:30:00,2.0,32.91,-97.58,KFWS,46.85492652165179,2015-04-01 15:30:00,67.5,42.3,4.9375,1.8,-1.75,0.97,0.2083333283662796,3690,912,91,0.24708751015984828,0.09967141292442497,6.6875,1
229,2017,6,17,2017-06-17,18:54:00,2.0,39.21,-95.79,KTWX,45.22415206106745,2017-06-17 18:54:00,63.0,41.2,4.9375,1.8,-1.9375,0.98,0.2083333283662796,21903,1497,10,0.0683436815193572,0.006675567423230975,6.875,1
230,2015,6,14,2015-06-14,19:05:00,2.5,41.3138,-104.724,KCYS,20.32659885113008,2015-06-14 19:05:00,67.5,40.7,4.9375,2.1,-1.9375,0.97,0.2083333283662796,25024,3842,489,0.15352647352647353,0.12724434035909446,6.875,1
231,2017,5,31,2017-05-31,15:50:00,2.0,30.28,-81.39,KJAX,35.86325436108412,2017-05-31 15:50:00,63.5,41.6,4.9375,1.7,-1.9375,0.98,0.2083333283662796,14944,2102,36,0.14064904650384744,0.017118402282453638,6.875,1
232,2018,7,2,2018-07-02,17:26:00,2.75,41.45,-100.62,KLNX,54.65172062179418,2018-07-02 17:26:00,66.5,40.7,4.9375,2.0,-1.8125,0.97,0.3816666603088379,6037,893,37,0.1478966545213647,0.04138702460850112,6.75,1
233,2016,6,26,2016-06-26,15:05:00,2.0,38.84,-94.67,KEAX,36.0391007578158,2016-06-26 15:05:00,64.0,38.8,4.9375,1.1,-1.9375,0.97,0.2083333283662796,16262,690,3,0.042427596384430916,0.004341534008683068,6.875,1
234,2015,8,3,2015-08-03,16:15:00,2.0,39.3,-84.41,KILN,52.29895063345214,2015-08-03 16:15:00,64.0,40.2,4.9375,1.9,-1.9375,0.98,0.2083333283662796,11851,1621,31,0.13677016537293285,0.01911220715166461,6.875,1
235,2020,7,6,2020-07-06,19:40:00,2.0,44.0391,-103.287,KUDX,38.229805920078086,2020-07-06 19:40:00,70.0,42.7,4.9375,2.0,-1.9375,0.96,0.2083333283662796,8128,1862,317,0.2290564645097798,0.1701556629092861,6.875,1
236,2013,6,10,2013-06-10,13:10:00,2.0,36.73,-86.56,KOHX,55.49119898440546,2013-06-10 13:10:00,64.5,40.4,4.9375,1.9,-1.9375,0.98,0.2083333283662796,7699,1021,49,0.1325974025974026,0.04794520547945205,6.875,1
237,2020,8,16,2020-08-16,15:38:00,2.0,41.3,-96.64,KOAX,22.6387086975156,2020-08-16 15:38:00,62.0,42.6,4.9375,1.9,-1.9375,0.98,0.2083333283662796,29645,5919,30,0.19965594009309856,0.005067567567567568,6.875,1
238,2020,6,2,2020-06-02,16:31:00,2.0,43.98,-91.6,KARX,39.22966451891579,2020-06-02 16:31:00,68.0,42.0,4.9375,2.5,-1.9375,0.95,0.2083333283662796,2253,430,78,0.19077196095829635,0.18097447795823665,6.875,1
239,2020,7,6,2020-07-06,19:38:00,2.75,44.0745,-103.4114,KUDX,47.52426411866011,2020-07-06 19:38:00,73.0,42.7,4.9375,2.1,-1.9375,0.96,0.2083333283662796,7838,1701,276,0.21699196326061998,0.16216216216216217,6.875,1
240,2015,6,3,2015-06-03,19:05:00,2.75,38.12,-99.71,KDDC,46.03275954356251,2015-06-03 19:05:00,66.0,45.4,4.9375,2.3,-1.9375,0.94,0.2083333283662796,4986,1544,203,0.30960497292961703,0.1313915857605178,6.875,1
241,2017,4,16,2017-04-16,19:06:00,2.0,35.2,-101.25,KAMA,41.94368589560918,2017-04-16 19:06:00,63.5,40.7,4.9375,2.1,-1.9375,0.91,0.2083333283662796,3441,580,20,0.168506682161534,0.03442340791738382,6.875,1
242,2018,6,22,2018-06-22,15:15:00,2.0,43.8012,-103.0603,KUDX,39.36086817223649,2018-06-22 15:15:00,73.5,41.4,4.9375,2.0,-1.875,0.98,0.2083333283662796,4912,1000,212,0.2035416242621616,0.21178821178821178,6.8125,1
243,2012,5,3,2012-05-03,17:47:00,2.0,42.37,-76.58,KBGM,54.14359877102209,2012-05-03 17:47:00,73.5,42.8,4.9375,1.8,-1.875,0.98,0.2083333283662796,6178,1199,172,0.19404434374494256,0.14333333333333334,6.8125,1
244,2020,7,6,2020-07-06,19:55:00,2.0,43.98,-103.17,KUDX,31.55158274075672,2020-07-06 19:55:00,72.0,42.3,4.9375,2.0,-1.9375,0.96,0.2083333283662796,9281,2318,352,0.24973066149536738,0.15178956446744285,6.875,1
245,2019,4,28,2019-04-28,15:30:00,2.0,39.5819,-101.72,KGLD,25.97564089535722,2019-04-28 15:30:00,74.5,41.1,4.9375,2.1,-1.9375,0.95,0.2083333283662796,18276,2874,726,0.157246812934289,0.2525217391304348,6.875,1
246,2019,5,7,2019-05-07,13:02:00,2.75,35.65,-101.66,KAMA,47.923423298450125,2019-05-07 13:02:00,67.5,43.5,4.9375,2.5,-1.9375,0.96,0.2083333283662796,9107,2295,154,0.2519762845849802,0.06707317073170732,6.875,1
247,2011,4,8,2011-04-08,20:13:00,2.5,36.8,-97.74,KVNX,34.57323786232429,2011-04-08 20:13:00,67.0,41.4,4.9375,2.2,-1.9375,0.97,0.2083333283662796,15044,2284,140,0.1518112329677634,0.061269146608315096,6.875,1
248,2016,4,29,2016-04-29,17:19:00,2.5,35.909,-95.6,KINX,29.08640953026676,2016-04-29 17:19:00,66.5,42.2,4.9375,1.4,-1.9375,0.95,0.2083333283662796,32463,6188,334,0.19061113849186792,0.053966715139764095,6.875,1
249,2013,4,17,2013-04-17,15:34:00,2.0,39.2,-86.24,KIND,54.51060984133875,2013-04-17 15:34:00,69.0,40.6,4.9375,1.5,-1.5625,0.98,0.7016666531562805,5173,710,128,0.13722458446076535,0.180028129395218,6.5,1
250,2018,4,21,2018-04-21,17:08:00,2.0,32.32,-97.75,KFWS,49.99112207396362,2018-04-21 17:08:00,69.5,40.3,4.9375,0.7,-1.9375,0.98,0.3683333396911621,11890,1350,114,0.11353124211588596,0.0843819393042191,6.875,1
251,2016,5,11,2016-05-11,12:25:00,2.5,38.4332,-90.4003,KLSX,36.099935801472455,2016-05-11 12:25:00,65.5,43.3,4.9375,2.1,-1.9375,0.97,0.2083333283662796,29401,5191,93,0.17655261546833548,0.01791217257318952,6.875,1
252,2016,5,29,2016-05-29,20:34:00,2.5,32.45,-99.6442,KDYX,39.27671925774026,2016-05-29 20:34:00,70.0,42.8,4.9375,1.9,-1.9375,0.97,0.2083333283662796,15624,3024,138,0.193536,0.0456198347107438,6.875,1
253,2020,4,8,2020-04-08,20:31:00,2.0,39.3,-84.29,KILN,42.31090931943427,2020-04-08 20:31:00,68.5,42.4,4.9375,1.8,-1.9375,0.98,0.4583333432674408,27997,5012,189,0.17901278662761627,0.03770197486535009,6.875,1
254,2014,4,23,2014-04-23,17:48:00,2.0,40.69,-98.54,KUEX,42.13104199266213,2014-04-23 17:48:00,69.0,43.1,4.9375,2.0,-1.9375,0.97,0.2083333283662796,7658,2060,362,0.26896461679070377,0.17564289180009704,6.875,1
255,2016,4,28,2016-04-28,19:52:00,2.0,31.0371,-97.5421,KGRK,39.43890315450791,2016-04-28 19:52:00,64.0,40.8,4.9375,1.8,-1.9375,0.96,0.2083333283662796,10659,1501,34,0.14080675422138836,0.022636484687083888,6.875,1
256,2017,4,5,2017-04-05,17:26:00,2.0,33.9871,-78.1885,KLTX,22.316232227417167,2017-04-05 17:26:00,63.5,40.7,4.9375,1.1,-1.9375,0.98,0.2083333283662796,34295,4772,60,0.1391415908560765,0.01257071024512885,6.875,1
257,2018,8,8,2018-08-08,16:30:00,2.0,47.1,-91.68,KDLH,50.891098074208585,2018-08-08 16:30:00,71.5,41.2,4.9375,1.8,-1.9375,0.98,0.2816666662693023,5870,920,130,0.15670243570090275,0.14115092290988057,6.875,1
258,2016,3,17,2016-03-17,06:38:00,2.5,32.73,-97.1716,KFWS,22.3731750471164,2016-03-17 06:38:00,68.0,41.8,4.9375,1.4,-1.9375,0.9,0.2083333283662796,6901,1565,362,0.22674587076209796,0.23116219667943805,6.875,1
259,2014,10,13,2014-10-13,14:33:00,2.0,33.58,-88.58,KGWX,40.95056039738065,2014-10-13 14:33:00,65.0,39.9,4.875,1.5,-1.9375,0.93,0.2083333283662796,1144,182,17,0.1589519650655022,0.09289617486338798,6.8125,1
260,2014,6,29,2014-06-29,16:15:00,2.75,41.66,-95.92,KOAX,54.06874271468978,2014-06-29 16:15:00,67.5,43.2,4.9375,2.0,-1.875,0.98,0.6516666412353516,4238,967,57,0.22811983958480775,0.058884297520661155,6.8125,1
261,2015,6,10,2015-06-10,18:23:00,2.75,41.45,-88.27,KLOT,21.05053889386777,2015-06-10 18:23:00,65.0,44.0,4.9375,2.3,-1.9375,0.94,0.2083333283662796,15876,3611,27,0.22743591358568999,0.007475083056478406,6.875,1
262,2016,5,16,2016-05-16,19:31:00,2.5,35.59,-101.96,KAMA,46.91332631958254,2016-05-16 19:31:00,68.0,42.3,4.9375,2.5,-1.9375,0.96,0.2616666555404663,6362,1425,207,0.22395096652522395,0.14516129032258066,6.875,1
263,2017,8,16,2017-08-16,15:55:00,2.0,37.09,-98.41,KVNX,46.65274676610825,2017-08-16 15:55:00,71.5,41.3,4.9375,1.5,-1.8125,0.97,0.2083333283662796,3564,652,175,0.18288920056100982,0.2679938744257274,6.75,1
264,2016,4,26,2016-04-26,16:54:00,1.0,37.26,-97.6,KICT,44.48751996532037,2016-04-26 16:54:00,62.5,39.4,4.9375,1.8,-1.9375,0.98,0.2083333283662796,14289,1231,5,0.08614415675297411,0.004058441558441558,6.875,0
265,2013,9,11,2013-09-11,13:43:00,1.0,42.31,-75.4,KBGM,48.89159990024149,2013-09-11 13:43:00,62.5,42.0,4.9375,2.2,-1.9375,0.98,0.2416666597127914,4688,787,13,0.16783962465344424,0.01649746192893401,6.875,0
266,2012,5,29,2012-05-29,07:56:00,1.0,41.02,-81.88,KCLE,42.21036105281187,2012-05-29 07:56:00,63.5,40.7,4.9375,1.8,-1.9375,0.99,0.348333328962326,6905,979,18,0.14176078772082248,0.018367346938775512,6.875,0
267,2015,5,22,2015-05-22,13:45:00,1.0,26.0283,-80.392,KAMX,45.393823436194026,2015-05-22 13:45:00,60.0,40.7,4.9375,2.1,-1.625,0.98,0.2083333283662796,2786,366,1,0.13132400430570507,0.0027247956403269754,6.5625,0
268,2016,5,27,2016-05-27,15:36:00,1.0,37.46,-97.03,KICT,41.37317310412515,2016-05-27 15:36:00,67.0,43.4,4.9375,1.6,-1.9375,0.97,0.2083333283662796,18341,4688,217,0.2555882673645186,0.04627852420558755,6.875,0
269,2014,5,21,2014-05-21,15:50:00,1.5,39.95,-104.3,KFTG,28.52774675142744,2014-05-21 15:50:00,70.0,42.7,4.9375,1.6,-1.9375,0.96,0.2083333283662796,28263,5970,692,0.21122275686385508,0.11589348517836208,6.875,0
270,2015,5,4,2015-05-04,19:22:00,1.0,38.8836,-94.7792,KEAX,46.261521255216735,2015-05-04 19:22:00,64.5,40.1,4.9375,2.0,-1.875,0.98,0.2083333283662796,2210,261,7,0.11804613297150611,0.026717557251908396,6.8125,0
271,2020,7,18,2020-07-18,18:45:00,1.0,47.02,-92.22,KDLH,21.122181891388205,2020-07-18 18:45:00,73.0,43.8,4.9375,1.6,-1.9375,0.98,0.2083333283662796,15092,3098,113,0.20526071688862388,0.03646337528234914,6.875,0
272,2018,5,2,2018-05-02,15:46:00,1.0,41.7815,-87.8063,KLOT,32.40855197972033,2018-05-02 15:46:00,68.5,41.2,4.9375,1.3,-1.9375,0.92,0.2083333283662796,12152,2065,29,0.16991689294824322,0.014036786060019362,6.875,0
273,2013,5,1,2013-05-01,14:54:00,1.75,34.85,-99.02,KFDR,55.7390273372387,2013-05-01 14:54:00,66.5,40.0,4.9375,2.0,-1.625,0.97,0.2083333283662796,3128,477,71,0.15244487056567593,0.14853556485355648,6.5625,0
274,2017,4,29,2017-04-29,01:26:00,1.75,35.69,-97.58,KTLX,50.27968948197447,2017-04-29 01:26:00,63.0,41.9,4.9375,1.9,-1.9375,0.97,0.2083333283662796,14442,1866,36,0.1291975351381292,0.0192822710230316,6.875,0
275,2013,5,24,2013-05-24,19:49:00,1.75,39.57,-101.69,KGLD,24.44049766048102,2013-05-24 19:49:00,67.5,42.0,4.9375,2.0,-1.9375,0.96,0.2083333283662796,3869,810,114,0.20930232558139536,0.1405672009864365,6.875,0
276,2018,7,20,2018-07-20,18:10:00,1.0,38.2948,-86.3405,KLVX,51.35409669031214,2018-07-20 18:10:00,65.0,41.0,4.9375,2.2,-0.875,0.97,0.2083333283662796,1625,223,19,0.13714637146371464,0.08482142857142858,5.8125,0
277,2020,4,24,2020-04-24,14:50:00,1.0,37.32,-77.43,KAKQ,53.69366007961329,2020-04-24 14:50:00,73.5,39.3,4.9375,1.3,-1.9375,0.99,0.2083333283662796,6632,763,177,0.1150309060756822,0.23167539267015708,6.875,0
278,2017,4,11,2017-04-11,02:28:00,1.0,32.83,-97.25,KFWS,30.30761206745676,2017-04-11 02:28:00,64.5,38.5,4.875,1.3,-1.9375,0.95,0.2083333283662796,2168,264,31,0.12171507607192254,0.1169811320754717,6.8125,0
279,2019,7,8,2019-07-08,16:36:00,1.0,44.0493,-103.2727,KUDX,36.88260810336398,2019-07-08 16:36:00,76.0,40.8,4.9375,1.9,-1.9375,0.93,0.2083333283662796,4907,844,126,0.1719641401792991,0.14911242603550295,6.875,0
280,2015,6,5,2015-06-05,20:50:00,1.25,43.0148,-108.774,KRIW,24.479046183964943,2015-06-05 20:50:00,68.0,40.6,4.9375,2.4,-1.9375,0.98,0.2083333283662796,2526,486,61,0.1923229125445192,0.12525667351129363,6.875,0
281,2014,5,27,2014-05-27,19:30:00,1.75,29.98,-97.82,KEWX,38.46473986926789,2014-05-27 19:30:00,66.5,40.8,4.875,1.3,-1.875,0.96,0.2083333283662796,3172,576,45,0.18153167349511504,0.0779896013864818,6.75,0
282,2020,4,24,2020-04-24,15:02:00,1.0,37.29,-77.33,KAKQ,45.20385898268248,2020-04-24 15:02:00,65.5,40.1,4.9375,1.5,-1.9375,0.99,0.4383333325386047,8298,1120,95,0.13495601879744548,0.0847457627118644,6.875,0
283,2016,7,27,2016-07-27,17:00:00,1.0,41.157,-104.4354,KCYS,30.664887350568304,2016-07-27 17:00:00,72.5,42.3,4.9375,2.5,-1.9375,0.97,0.2083333283662796,5383,1134,241,0.21062407132243685,0.21233480176211453,6.875,0
284,2015,5,8,2015-05-08,09:56:00,1.75,34.1733,-101.763,KLBB,59.25290513827901,2015-05-08 09:56:00,67.5,43.4,4.9375,1.0,-1.9375,0.97,0.2649999856948852,13646,3360,297,0.2462079577929215,0.08836655757215114,6.875,0
285,2017,6,11,2017-06-11,08:00:00,1.75,45.17,-93.06,KMPX,55.17846369548808,2017-06-11 08:00:00,70.5,43.4,4.9375,1.7,-1.9375,0.97,0.2083333283662796,21117,4770,653,0.22587366227862488,0.13686858101027038,6.875,0
286,2014,10,1,2014-10-01,20:00:00,1.0,37.63,-99.49,KDDC,44.72490296289619,2014-10-01 20:00:00,66.5,41.3,4.9375,1.9,-1.9375,0.94,0.2083333283662796,3156,702,83,0.22236300285080773,0.11806543385490754,6.875,0
287,2015,6,16,2015-06-16,18:20:00,1.0,42.22,-100.91,KLNX,42.497366170636994,2015-06-16 18:20:00,67.0,46.0,4.9375,2.1,-1.8125,0.97,0.2583333253860473,6512,2442,219,0.37494242284661444,0.08964388047482603,6.75,0
288,2016,7,1,2016-07-01,14:25:00,1.5,39.38,-104.83,KFTG,50.50736059632053,2016-07-01 14:25:00,68.5,40.0,4.9375,1.7,-1.9375,0.97,0.2083333283662796,4333,583,101,0.13451776649746192,0.17294520547945205,6.875,0
289,2019,5,20,2019-05-20,15:31:00,1.0,33.98,-101.33,KLBB,57.58442763870685,2019-05-20 15:31:00,76.5,41.5,4.9375,1.7,-1.9375,0.95,0.2083333283662796,14327,2500,93,0.17448352875488554,0.03718512594962015,6.875,0
290,2018,7,20,2018-07-20,13:04:00,1.0,38.19,-85.57,KLVX,42.67922964375071,2018-07-20 13:04:00,63.0,42.6,4.9375,2.0,-1.9375,0.97,0.2083333283662796,13055,2125,10,0.16276041666666666,0.004703668861712135,6.875,0
291,2019,7,5,2019-07-05,20:16:00,1.25,38.68,-104.69,KPUX,51.47855642443334,2019-07-05 20:16:00,67.0,42.2,4.9375,1.8,-1.9375,0.97,0.2083333283662796,11636,2297,311,0.19738764286328092,0.13533507397737163,6.875,0
292,2018,8,14,2018-08-14,17:19:00,1.25,39.73,-105.2,KFTG,55.97969287116994,2018-08-14 17:19:00,75.0,42.1,4.9375,1.8,-1.9375,0.95,0.2083333283662796,4171,979,296,0.23465963566634707,0.3020408163265306,6.875,0
293,2018,5,1,2018-05-01,15:52:00,1.0,41.9,-93.92,KDMX,25.47495757333859,2018-05-01 15:52:00,66.5,42.2,4.9375,2.0,-1.9375,0.95,0.2083333283662796,9700,1892,96,0.19503144005772602,0.05071315372424723,6.875,0
294,2018,5,15,2018-05-15,12:30:00,1.0,41.75,-75.9,KBGM,49.21521236582007,2018-05-15 12:30:00,70.0,40.2,4.9375,1.5,-1.9375,0.98,0.2083333283662796,12691,1492,190,0.11755436495430192,0.12726054922973878,6.875,0
295,2019,7,8,2019-07-08,15:45:00,1.75,44.0173,-103.4759,KUDX,53.5507424353394,2019-07-08 15:45:00,68.5,40.0,4.9375,2.3,-1.9375,0.95,0.2083333283662796,4757,498,48,0.10466582597730138,0.09619238476953908,6.875,0
296,2020,4,7,2020-04-07,19:47:00,1.0,42.0,-88.55,KLOT,58.9292228245606,2020-04-07 19:47:00,68.5,42.1,4.9375,2.3,-1.6875,0.98,0.3116666674613952,2475,522,107,0.21082390953150243,0.2045889101338432,6.625,0
297,2014,6,18,2014-06-18,07:48:00,1.25,42.83,-88.74,KMKX,20.45957683123393,2014-06-18 07:48:00,63.5,43.5,4.9375,1.5,-1.9375,0.94,0.2083333283662796,47079,11582,23,0.2460067969413764,0.001985668652335319,6.875,0
298,2017,6,17,2017-06-17,18:30:00,1.0,39.14,-95.69,KTWX,49.61346742903896,2017-06-17 18:30:00,59.0,39.0,4.9375,1.8,-1.9375,0.98,0.2083333283662796,13930,339,0,0.024334218649056064,0.0,6.875,0
299,2019,10,10,2019-10-10,18:04:00,1.0,32.87,-97.61,KFWS,45.017460785383165,2019-10-10 18:04:00,65.5,40.5,4.9375,1.7,-1.9375,0.97,0.2083333283662796,8717,889,24,0.10197292957100253,0.02696629213483146,6.875,0
300,2017,6,17,2017-06-17,18:55:00,1.5,37.69,-100.38,KDDC,36.970914637070486,2017-06-17 18:55:00,69.0,43.7,4.9375,2.4,-1.9375,0.9,0.2083333283662796,6110,1679,201,0.274750450008182,0.11964285714285715,6.875,0
301,2014,4,28,2014-04-28,13:50:00,1.75,38.98,-90.98,KLSX,42.82201901572429,2014-04-28 13:50:00,69.0,42.9,4.9375,2.1,-1.9375,0.97,0.2083333283662796,15581,3506,203,0.2250032088307021,0.05788423153692615,6.875,0
302,2019,6,21,2019-06-21,15:33:00,1.0,39.35,-104.33,KFTG,51.348199842342446,2019-06-21 15:33:00,67.5,39.6,4.75,0.9,-1.9375,0.98,0.2083333283662796,11677,1818,236,0.15567734201061825,0.1297416162726773,6.6875,0
303,2017,7,9,2017-07-09,15:30:00,1.0,32.61,-97.8,KFWS,47.27041863314732,2017-07-09 15:30:00,64.0,41.3,4.9375,2.0,-1.25,0.98,0.6883333325386047,1093,137,6,0.12522851919561243,0.043478260869565216,6.1875,0
304,2017,4,4,2017-04-04,16:11:00,1.0,36.0754,-95.8868,KINX,30.38994614231868,2017-04-04 16:11:00,64.5,43.5,4.9375,0.9,-1.9375,0.94,0.2083333283662796,22231,6205,384,0.279102195034185,0.061875604253947794,6.875,0
305,2016,4,26,2016-04-26,15:55:00,1.75,38.99,-95.92,KTWX,26.857951856371272,2016-04-26 15:55:00,71.0,41.3,4.9375,1.7,-1.9375,0.96,0.2083333283662796,18044,3732,589,0.20681629260182877,0.15778194481650148,6.875,0
306,2018,9,20,2018-09-20,16:58:00,1.75,40.1,-98.53,KUEX,25.86939785566273,2018-09-20 16:58:00,69.5,40.6,4.9375,1.3,-1.9375,0.94,0.2083333283662796,39437,3576,196,0.09067396926821847,0.0547945205479452,6.875,0
307,2013,3,24,2013-03-24,12:15:00,1.0,36.5,-86.88,KOHX,42.127989898185525,2013-03-24 12:15:00,66.0,38.9,4.9375,1.7,-1.9375,0.98,0.2316666692495346,9424,1013,66,0.10748010610079575,0.0650887573964497,6.875,0
308,2018,4,6,2018-04-06,17:15:00,1.0,32.6983,-93.7405,KSHV,30.917940989557863,2018-04-06 17:15:00,68.0,42.4,4.9375,1.7,-1.9375,0.96,0.2083333283662796,34817,5728,418,0.1645126084209317,0.07296212253447373,6.875,0
309,2015,7,13,2015-07-13,15:50:00,1.5,41.8,-90.77,KDVN,27.75942865680988,2015-07-13 15:50:00,67.0,41.7,4.9375,2.5,-1.9375,0.95,0.2083333283662796,10263,1614,68,0.15724863600935307,0.042105263157894736,6.875,0
310,2014,10,1,2014-10-01,19:49:00,1.0,40.59,-98.39,KUEX,30.173091522734264,2014-10-01 19:49:00,73.5,41.4,4.9375,1.5,-1.9375,0.97,0.2083333283662796,6135,1307,352,0.2130052151238592,0.2691131498470948,6.875,0
311,2019,6,1,2019-06-01,15:02:00,1.5,39.07,-94.58,KEAX,41.66706728910066,2019-06-01 15:02:00,66.0,40.0,4.9375,2.2,-1.9375,0.96,0.2083333283662796,3670,473,33,0.12884772541541814,0.06962025316455696,6.875,0
312,2014,6,18,2014-06-18,18:25:00,1.0,38.24,-99.89,KDDC,53.73965493699447,2014-06-18 18:25:00,69.5,44.6,4.9375,2.0,-1.9375,0.96,0.2083333283662796,6454,1996,254,0.30921766072811774,0.1271907861792689,6.875,0
313,2019,9,28,2019-09-28,17:16:00,1.0,40.35,-80.14,KPBZ,20.36340325162029,2019-09-28 17:16:00,69.5,39.7,4.9375,1.4,-1.9375,0.98,0.2083333283662796,4134,530,65,0.12817412333736397,0.1224105461393597,6.875,0
314,2016,6,13,2016-06-13,19:13:00,1.0,35.49,-101.9,KAMA,34.57714974382787,2016-06-13 19:13:00,67.5,43.8,4.9375,2.0,-1.9375,0.97,0.2083333283662796,21607,5237,340,0.24236393928174751,0.0649102710958381,6.875,0
315,2019,7,2,2019-07-02,15:40:00,1.0,37.26,-79.8,KFCX,51.03700691431842,2019-07-02 15:40:00,61.5,41.0,4.875,2.0,-1.0,0.98,0.2516666650772095,3132,382,5,0.12192786466645388,0.013054830287206266,5.875,0
316,2016,5,9,2016-05-09,15:10:00,1.25,36.39,-98.05,KVNX,39.341549165016005,2016-05-09 15:10:00,67.0,40.5,4.9375,2.4,-1.9375,0.93,0.2083333283662796,7624,1087,87,0.14255737704918034,0.07996323529411764,6.875,0
317,2018,6,19,2018-06-19,16:30:00,1.0,41.37,-104.45,KCYS,38.89631259167137,2018-06-19 16:30:00,68.0,38.7,4.9375,1.5,-1.9375,0.99,0.2083333283662796,17744,1716,256,0.0967032967032967,0.14909726266744322,6.875,0
318,2014,7,21,2014-07-21,18:53:00,1.0,47.94,-97.67,KMVX,53.572197635240165,2014-07-21 18:53:00,63.0,41.5,4.9375,1.8,-1.5,0.99,0.2083333283662796,12886,813,13,0.06308683169085125,0.01597051597051597,6.4375,0
319,2014,5,20,2014-05-20,18:00:00,1.75,41.8,-88.33,KLOT,30.176130339103377,2014-05-20 18:00:00,67.0,42.0,4.9375,2.3,-1.9375,0.95,0.2083333283662796,4600,890,95,0.19343620951966964,0.10662177328843996,6.875,0
320,2015,4,22,2015-04-22,17:51:00,1.25,34.84,-101.5,KAMA,46.30877295072734,2015-04-22 17:51:00,72.5,41.3,4.9375,1.3,-1.9375,0.96,0.2083333283662796,19197,4078,1230,0.21241796020418793,0.30154449620004903,6.875,0
321,2014,8,20,2014-08-20,16:08:00,1.0,34.8,-82.71,KGSP,45.91407503322044,2014-08-20 16:08:00,63.0,40.9,4.9375,2.0,-1.8125,0.98,0.2083333283662796,5467,674,17,0.1232626188734455,0.025185185185185185,6.75,0
322,2016,6,12,2016-06-12,17:00:00,1.0,36.68,-76.94,KAKQ,33.71986884615565,2016-06-12 17:00:00,64.5,40.6,4.9375,1.9,-1.9375,0.95,0.2083333283662796,3283,507,45,0.1543848964677223,0.08858267716535433,6.875,0
323,2014,7,7,2014-07-07,20:38:00,1.25,39.82,-105.11,KFTG,48.16489854949516,2014-07-07 20:38:00,65.5,43.2,4.9375,2.3,-1.9375,0.95,0.2083333283662796,4685,1207,181,0.25757575757575757,0.1498344370860927,6.875,0
324,2015,4,2,2015-04-02,21:49:00,1.0,38.52,-94.14,KEAX,31.740385944609443,2015-04-02 21:49:00,68.0,40.4,4.9375,1.7,-1.9375,0.96,0.2083333283662796,12014,1507,152,0.12542655014565127,0.10079575596816977,6.875,0
325,2020,7,4,2020-07-04,20:30:00,1.0,48.05,-106.23,KGGW,33.48323279589811,2020-07-04 20:30:00,70.0,42.8,4.9375,2.6,-1.875,0.97,0.2083333283662796,7377,1379,151,0.1869070208728653,0.10942028985507246,6.8125,0
326,2019,8,18,2019-08-18,16:47:00,1.0,43.01,-73.85,KENX,51.04643710370832,2019-08-18 16:47:00,58.0,41.0,4.75,1.2,-1.9375,0.98,0.2083333283662796,5191,613,0,0.11806625577812019,0.0,6.6875,0
327,2017,4,2,2017-04-02,13:10:00,1.0,31.29,-92.46,KPOE,51.36442694098904,2017-04-02 13:10:00,63.5,40.1,4.9375,1.8,-1.9375,0.96,0.2083333283662796,13474,1735,22,0.1287569573283859,0.012672811059907835,6.875,0
328,2020,7,11,2020-07-11,18:35:00,1.0,41.41,-90.02,KDVN,50.53585529293932,2020-07-11 18:35:00,69.0,42.2,4.9375,1.7,-1.9375,0.97,0.2083333283662796,17528,2582,26,0.1472987620514576,0.010065814943863724,6.875,0
329,2020,9,25,2020-09-25,18:10:00,1.5,35.84,-78.85,KRAX,38.97192451772428,2020-09-25 18:10:00,61.5,37.1,4.9375,0.7,-1.96875,0.98,0.2083333283662796,7119,344,4,0.048314606741573035,0.011594202898550725,6.90625,0
330,2014,6,24,2014-06-24,20:20:00,1.75,39.6,-104.17,KFTG,38.23476133513459,2014-06-24 20:20:00,68.5,41.8,4.9375,2.1,-1.9375,0.97,0.2083333283662796,5997,1177,180,0.1962320773591197,0.15280135823429541,6.875,0
331,2017,4,10,2017-04-10,12:18:00,1.0,41.72,-87.75,KLOT,32.53337651023642,2017-04-10 12:18:00,68.0,39.8,4.9375,3.1,-1.9375,0.98,0.2083333283662796,11282,1421,102,0.12594168217672605,0.07172995780590717,6.875,0
332,2013,8,1,2013-08-01,14:15:00,1.0,34.62,-82.31,KGSP,31.065576241460523,2013-08-01 14:15:00,61.0,40.7,4.875,1.3,-1.9375,0.98,0.2083333283662796,6605,926,3,0.14017559794126552,0.003236245954692557,6.8125,0
333,2014,4,2,2014-04-02,20:24:00,1.75,37.52,-97.13,KICT,30.44982762808398,2014-04-02 20:24:00,67.0,43.0,4.9375,2.2,-1.9375,0.97,0.2083333283662796,15016,3129,214,0.20836385429846174,0.068370607028754,6.875,0
334,2016,5,2,2016-05-02,16:27:00,1.0,38.67,-77.34,KLWX,34.72952541306833,2016-05-02 16:27:00,70.0,43.0,4.9375,2.0,-1.9375,0.97,0.2083333283662796,10285,2406,369,0.23391016916196772,0.15330286663896966,6.875,0
335,2014,12,23,2014-12-23,13:47:00,1.0,34.4421,-85.87,KHTX,55.04748109042507,2014-12-23 13:47:00,55.0,37.1,3.875,0.8,-1.3125,0.99,0.8849999904632568,2736,67,0,0.024479356960175374,0.0,5.1875,0
336,2014,5,10,2014-05-10,16:10:00,1.75,38.51,-96.26,KTWX,53.34892376040192,2014-05-10 16:10:00,65.0,41.8,4.9375,2.3,-1.9375,0.98,0.4583333432674408,4903,956,87,0.19494290375203915,0.09090909090909091,6.875,0
337,2015,3,31,2015-03-31,19:08:00,1.0,33.63,-86.97,KBMX,55.6692961855981,2015-03-31 19:08:00,64.5,40.5,4.9375,2.4,-0.75,0.98,0.5216666460037231,985,189,23,0.19168356997971603,0.12105263157894737,5.6875,0
338,2013,5,30,2013-05-30,15:30:00,1.0,35.1,-97.25,KTLX,24.424751771827008,2013-05-30 15:30:00,62.0,40.4,4.9375,1.7,-1.9375,0.94,0.2083333283662796,10034,1275,16,0.12705530642750373,0.012539184952978056,6.875,0
339,2013,7,23,2013-07-23,15:11:00,1.0,40.84,-80.54,KPBZ,44.15415782735465,2013-07-23 15:11:00,64.0,39.6,4.9375,1.6,-1.9375,0.98,0.2083333283662796,9805,522,7,0.05323271466449113,0.01338432122370937,6.875,0
340,2015,4,26,2015-04-26,21:32:00,1.75,32.3272,-97.3821,KFWS,26.94591552094532,2015-04-26 21:32:00,69.5,42.3,4.9375,1.9,-1.9375,0.96,0.2083333283662796,33593,7734,679,0.2302196820860868,0.08778280542986425,6.875,0
341,2019,6,2,2019-06-02,12:33:00,1.25,38.74,-81.69,KRLX,48.91280844440527,2019-06-02 12:33:00,62.0,39.9,4.9375,2.3,-1.875,0.98,0.2083333283662796,6238,794,16,0.12726398461291874,0.02012578616352201,6.8125,0
342,2018,6,8,2018-06-08,15:10:00,1.0,44.1209,-103.287,KUDX,37.40314864668302,2018-06-08 15:10:00,71.5,39.8,4.9375,2.3,-1.9375,0.95,0.2083333283662796,7324,915,49,0.12491467576791809,0.05349344978165939,6.875,0
343,2019,6,30,2019-06-30,12:50:00,1.0,40.7592,-73.1961,KOKX,28.92526599651098,2019-06-30 12:50:00,68.0,42.0,4.9375,1.5,-1.9375,0.97,0.2083333283662796,19696,3119,239,0.15834898715540438,0.07660256410256411,6.875,0
344,2014,8,18,2014-08-18,16:56:00,1.75,43.46,-96.12,KFSD,51.08865158352035,2014-08-18 16:56:00,67.0,41.9,4.9375,1.6,-1.8125,0.97,0.5016666650772095,2279,436,48,0.1912280701754386,0.10983981693363844,6.75,0
345,2019,7,5,2019-07-05,18:35:00,1.0,39.7,-104.81,KFTG,23.991220653000145,2019-07-05 18:35:00,70.0,40.9,4.9375,2.2,-1.9375,0.95,0.2083333283662796,7189,1291,199,0.1795549374130737,0.1540247678018576,6.875,0
346,2019,5,5,2019-05-05,17:02:00,1.5,40.5945,-98.38,KUEX,30.77505044793683,2019-05-05 17:02:00,73.0,43.6,4.9375,2.2,-1.9375,0.95,0.2083333283662796,8426,2190,492,0.25987896048415804,0.22455499771793702,6.875,0
347,2015,3,31,2015-03-31,14:00:00,1.25,33.87,-88.02,KGWX,29.68762620203068,2015-03-31 14:00:00,70.5,40.4,4.9375,2.3,-1.9375,0.95,0.2083333283662796,3206,538,114,0.16775802931088243,0.21150278293135436,6.875,0
348,2013,8,5,2013-08-05,17:55:00,1.0,37.07,-93.06,KSGF,33.714480070929305,2013-08-05 17:55:00,63.0,43.0,4.9375,1.8,-1.9375,0.98,0.2083333283662796,9670,1635,5,0.16906214455588875,0.003056234718826406,6.875,0
349,2014,7,3,2014-07-03,13:48:00,1.0,38.7717,-77.4526,KLWX,21.15424646560661,2014-07-03 13:48:00,62.0,39.5,4.9375,1.5,-1.9375,0.97,0.2083333283662796,14114,1114,3,0.07892313142047468,0.0026905829596412557,6.875,0
350,2015,3,25,2015-03-25,17:15:00,1.0,35.66,-97.23,KTLX,37.82095023724417,2015-03-25 17:15:00,67.0,45.2,4.9375,1.6,-1.9375,0.95,0.2083333283662796,6017,1843,331,0.30624792289797276,0.17950108459869848,6.875,0
351,2018,5,28,2018-05-28,13:43:00,1.0,41.89,-93.39,KDMX,33.9833844658177,2018-05-28 13:43:00,66.0,41.9,4.9375,2.5,-1.9375,0.97,0.2083333283662796,4039,805,67,0.19925742574257427,0.08312655086848635,6.875,0
352,2012,12,9,2012-12-09,01:15:00,1.75,34.63,-92.57,KLZK,35.36199374310801,2012-12-09 01:15:00,58.5,38.1,4.9375,1.4,-1.875,0.99,0.2083333283662796,13242,466,0,0.03518840141961791,0.0,6.8125,0
353,2016,3,8,2016-03-08,19:30:00,1.0,29.33,-99.78,KDFX,48.06878615517981,2016-03-08 19:30:00,63.0,41.9,4.9375,1.6,-1.875,0.98,0.2083333283662796,13907,2310,20,0.16609145815358067,0.00865426222414539,6.8125,0
354,2016,7,14,2016-07-14,18:24:00,1.75,34.83,-101.52,KAMA,46.61210145736378,2016-07-14 18:24:00,67.5,43.2,4.9375,2.5,-1.875,0.96,0.2349999994039535,8192,1961,184,0.2393506652020017,0.09378185524974515,6.8125,0
355,2016,4,25,2016-04-25,16:08:00,1.75,43.33,-88.25,KMKX,48.76362748339926,2016-04-25 16:08:00,71.0,41.7,4.9375,2.1,-1.9375,0.97,0.2083333283662796,3764,744,176,0.19760956175298805,0.23624161073825503,6.875,0
356,2015,9,18,2015-09-18,09:40:00,1.0,40.8134,-96.6441,KOAX,59.0813509091197,2015-09-18 09:40:00,64.5,42.7,4.9375,1.6,-1.375,0.99,0.57833331823349,6222,1571,90,0.2524505865338261,0.05725190839694656,6.3125,0
357,2012,5,3,2012-05-03,20:01:00,1.0,39.3071,-77.4598,KLWX,38.6227273222116,2012-05-03 20:01:00,63.5,37.8,4.9375,1.9,-0.9375,0.99,0.5583333373069763,2440,260,20,0.10651372388365424,0.07662835249042145,5.875,0
358,2016,3,17,2016-03-17,03:00:00,1.0,32.7307,-97.5635,KFWS,31.13809049536671,2016-03-17 03:00:00,67.0,42.2,4.9375,1.9,-1.9375,0.96,0.2083333283662796,6050,1428,145,0.23599405057015369,0.10146955913226033,6.875,0
359,2017,5,9,2017-05-09,20:15:00,1.0,40.18,-98.76,KUEX,32.09323019979134,2017-05-09 20:15:00,70.5,40.8,4.9375,1.8,-1.9375,0.97,0.2083333283662796,6593,1042,204,0.15802244464664847,0.1955896452540748,6.875,0
360,2015,8,2,2015-08-02,13:01:00,1.0,43.45,-83.95,KDTX,47.05930686931767,2015-08-02 13:01:00,62.5,42.7,4.9375,2.1,-1.625,0.98,0.6549999713897705,2198,419,12,0.19054115507048658,0.02857142857142857,6.5625,0
361,2013,5,24,2013-05-24,18:18:00,1.0,39.33,-102.03,KGLD,30.255172378860088,2013-05-24 18:18:00,70.0,41.7,4.9375,2.1,-1.9375,0.95,0.2083333283662796,7899,1694,375,0.21443037974683543,0.22123893805309736,6.875,0
362,2014,5,27,2014-05-27,16:19:00,1.0,32.1193,-97.6643,KFWS,59.70381879333347,2014-05-27 16:19:00,66.5,39.6,4.9375,1.3,-1.75,0.99,0.4516666531562805,4815,574,66,0.11918604651162791,0.11478260869565217,6.6875,0
363,2019,4,17,2019-04-17,21:40:00,1.5,35.49,-97.54,KTLX,31.66442088495373,2019-04-17 21:40:00,64.5,43.0,4.9375,1.9,-1.9375,0.97,0.2083333283662796,18490,4026,66,0.21772754312908982,0.016389371740749937,6.875,0
364,2019,7,4,2019-07-04,18:23:00,1.5,39.59,-105.13,KFTG,54.04246804485066,2019-07-04 18:23:00,67.0,41.7,4.9375,2.3,-1.875,0.96,0.2083333283662796,7922,1355,96,0.17102107787454246,0.07079646017699115,6.8125,0
365,2014,7,9,2014-07-09,15:12:00,1.0,42.65,-74.78,KENX,58.77074156525614,2014-07-09 15:12:00,59.5,39.0,4.8125,1.3,-1.9375,0.99,0.3083333373069763,5165,299,0,0.057878435927216414,0.0,6.75,0
366,2016,4,18,2016-04-18,16:10:00,1.25,27.7386,-98.1148,KCRP,59.72503073506601,2016-04-18 16:10:00,60.0,40.6,4.9375,1.1,-1.5625,0.99,0.3383333384990692,12531,1434,1,0.11442706670922438,0.0006968641114982578,6.5,0
367,2015,5,9,2015-05-09,12:05:00,1.0,34.75,-98.98,KFDR,44.410899000387126,2015-05-09 12:05:00,69.5,40.4,4.9375,1.5,-1.9375,0.98,0.2083333283662796,11196,1633,232,0.14584263642046977,0.1419828641370869,6.875,0
368,2013,7,4,2013-07-04,17:20:00,1.75,36.1334,-95.8393,KINX,24.572415093267924,2013-07-04 17:20:00,66.0,43.8,4.9375,2.6,-1.9375,0.94,0.2083333283662796,2110,594,145,0.28138323069635246,0.24369747899159663,6.875,0
369,2013,4,29,2013-04-29,21:33:00,1.0,42.06,-94.05,KDMX,46.167584448045496,2013-04-29 21:33:00,65.5,40.8,4.9375,2.7,-1.9375,0.97,0.2083333283662796,7062,1168,77,0.16536882344612772,0.0658682634730539,6.875,0
370,2016,8,26,2016-08-26,18:43:00,1.75,35.65,-97.73,KTLX,56.21036742188339,2016-08-26 18:43:00,70.0,38.5,4.875,1.3,-1.9375,0.98,0.2083333283662796,3685,291,50,0.07894736842105263,0.17123287671232876,6.8125,0
371,2014,6,30,2014-06-30,10:34:00,1.0,42.03,-94.24,KDMX,54.57030113758043,2014-06-30 10:34:00,63.0,41.6,4.9375,2.3,-1.9375,0.98,0.2083333283662796,5064,809,11,0.15972359328726554,0.013580246913580247,6.875,0
372,2018,6,2,2018-06-02,20:15:00,1.0,32.47,-98.68,KDYX,53.1934721800413,2018-06-02 20:15:00,63.5,41.7,4.9375,3.1,-0.3125,0.98,0.8083333373069763,3743,532,11,0.1420940170940171,0.020637898686679174,5.25,0
373,2018,6,8,2018-06-08,14:33:00,1.25,44.17,-103.52,KUDX,56.40734162871252,2018-06-08 14:33:00,63.0,42.3,4.9375,2.3,-1.9375,0.94,0.2083333283662796,5410,1135,24,0.20975790057290705,0.02112676056338028,6.875,0
374,2016,4,28,2016-04-28,20:22:00,1.0,36.89,-76.36,KAKQ,57.884016870633786,2016-04-28 20:22:00,64.5,42.2,4.9375,1.8,-1.4375,0.99,0.7450000047683716,6789,1408,51,0.2073637702503682,0.0361958836053939,6.375,0
375,2013,7,10,2013-07-10,07:00:00,1.0,41.1532,-88.4476,KLOT,56.5599363965246,2013-07-10 07:00:00,60.5,41.5,4.9375,2.1,-1.25,0.98,0.574999988079071,2847,451,8,0.1583567415730337,0.017699115044247787,6.1875,0
376,2019,4,3,2019-04-03,19:11:00,1.0,34.64,-99.33,KFDR,46.79465655009633,2019-04-03 19:11:00,64.0,42.1,4.9375,2.2,-1.9375,0.97,0.2083333283662796,7241,1782,80,0.24606462303231152,0.044868199663488505,6.875,0
377,2013,4,17,2013-04-17,17:33:00,1.75,34.64,-98.65,KFDR,42.96010088745299,2013-04-17 17:33:00,68.5,43.9,4.9375,2.0,-1.9375,0.97,0.2083333283662796,17062,3252,391,0.19058782160229737,0.12019674146941285,6.875,0
378,2013,8,30,2013-08-30,21:20:00,1.0,48.36,-100.41,KMBX,32.67540642529068,2013-08-30 21:20:00,69.0,44.8,4.9375,2.3,-1.9375,0.93,0.2083333283662796,4610,1395,308,0.302537410540013,0.22063037249283668,6.875,0
379,2015,3,25,2015-03-25,18:49:00,1.0,35.07,-97.47,KTLX,33.6904876990037,2015-03-25 18:49:00,67.5,40.5,4.9375,1.5,-1.9375,0.95,0.2083333283662796,28167,3830,246,0.13596989491621697,0.06421299921691465,6.875,0
380,2015,6,19,2015-06-19,16:35:00,1.25,34.7,-99.21,KFDR,45.10336567848268,2015-06-19 16:35:00,61.5,40.6,4.9375,2.6,-1.9375,0.98,0.2083333283662796,4341,464,10,0.10686319668355597,0.021505376344086023,6.875,0
381,2017,1,20,2017-01-20,23:13:00,1.25,30.24,-92.81,KLCH,42.03715691950524,2017-01-20 23:13:00,61.5,43.0,4.875,1.3,-1.9375,0.98,0.2283333390951156,19258,4237,13,0.22000103847551794,0.003067484662576687,6.8125,0
382,2019,6,2,2019-06-02,14:15:00,1.5,38.88,-78.06,KLWX,50.2239735341684,2019-06-02 14:15:00,65.5,38.9,4.9375,2.2,-1.75,0.98,0.2216666638851165,2861,273,17,0.09538784067085954,0.06204379562043796,6.6875,0
